北京市,通州区,北京市史家小学通州分校,101100.0,北京市通州区玉桥东路东小区A1区,010-81590986,PRIMARY
北京市,通州区,通州区小街小学,101101.0,北京市通州区梨园镇小街村,010-60528166,PRIMARY
北京市,通州区,北京市育才学校通州分校,101101.0,北京市通州区梨园镇群芳二街3号,010-81576606,PRIMARY
北京市,通州区,北京探矿机械厂子弟小学校,101149.0,北京市通州区梨园地区半壁店大街8号院,010-81563601,PRIMARY
北京市,通州区,北京教育科学研究院通州区第一实验小学,101101.0,北京市通州区梨园镇刘老村,010-81526570,PRIMARY
北京市,通州区,北京市通州区七彩学校,101116.0,北京市通州区台湖镇田府村,010-61533117,PRIMARY
北京市,通州区,北京市通州区中山街小学,101100.0,北京市通州区新华西街16号,010-69544116,PRIMARY
北京市,通州区,北京市通州区后南仓小学,101100.0,北京市通州区新仓路53号,010-69534153,PRIMARY
北京市,通州区,北京市通州区东方小学,101100.0,北京市通州区西顺城街甲32号,010-69542593,PRIMARY
北京市,通州区,北京市通州区运河小学,101100.0,北京市通州区运河西大街246号,010-80108006,PRIMARY
北京市,通州区,北京市通州区官园小学,101100.0,北京市通州区新仓路29号,010-80886996,PRIMARY
北京市,通州区,北京市通州区司空分署街小学,101100.0,北京市通州区司空小区10号楼,010-69543921,PRIMARY
北京市,通州区,北京市通州区玉桥小学,101100.0,北京市通州区玉桥东路1号,010-81587322,PRIMARY
北京市,通州区,北京市通州区民族小学,101100.0,北京市通州区回民胡同47号,010-69553754,PRIMARY
北京市,通州区,北京市通州区漷县镇中心小学,101109.0,北京市通州区漷县镇漷县村,010-80586050,PRIMARY
北京市,通州区,通州区草厂小学,101109.0,北京市通州区漷县镇草厂村,010-69569035,PRIMARY
北京市,通州区,北京市通州区于家务乡中心小学,101105.0,北京市通州区于家务乡于家务村,010-80531942,PRIMARY
北京市,通州区,北京市通州区马驹桥镇中心小学,101102.0,北京市通州区马驹桥镇兴华大街9号,010-60500123,PRIMARY
北京市,通州区,北京市通州区台湖镇中心小学,101111.0,北京市通州区台湖镇次渠村,010-69504907,PRIMARY
北京市,通州区,通州区北神树小学,101111.0,北京市通州区台湖镇北神树村,010-81502319,PRIMARY
北京市,通州区,北京市通州区张家湾镇中心小学,101113.0,北京市通州区张家湾镇新镇,010-69572781,PRIMARY
北京市,通州区,北京市通州区永顺镇中心小学,101101.0,北京市通州区永顺镇杨庄村,010-81564281,PRIMARY
北京市,通州区,北京市通州区梨园镇中心小学,101101.0,北京市通州区梨园镇群芳园小区东,010-60523455,PRIMARY
北京市,通州区,北京市第二中学通州分校,101117.0,北京市通州区潞城镇三元村,010-80851527,PRIMARY
北京市,通州区,北京市私立树人·瑞贝学校,101118.0,北京市通州区宋庄镇小堡南区甲一号,010-80856788,PRIMARY
北京市,通州区,北京市通州区东关小学,101100.0,北京市通州区顾家坡1号,010-60562767,PRIMARY
北京市,通州区,北京市通州区南关小学,101100.0,北京市通州区东营后街9号,010-80886253,PRIMARY
北京市,通州区,北京市通州区贡院小学,101100.0,北京市通州区芙蓉路300号,010-69545603,PRIMARY
北京市,通州区,北京市通州区永顺小学,101100.0,北京市通州区永顺南街75号,010-69544474,PRIMARY
北京市,通州区,北京小学通州分校,101100.0,北京市通州区芙蓉路300号,010-80853103,PRIMARY
北京市,通州区,北京市通州区北苑学校,101100.0,北京市通州区北苑杨富店104号,010-69542948,PRIMARY
北京市,通州区,北京市通州区宋庄镇中心小学,101118.0,北京市通州区宋庄镇宋庄村,010-69592651,PRIMARY
北京市,通州区,通州区师姑庄小学,101118.0,北京市通州区宋庄镇师姑庄村,010-52119225,PRIMARY
北京市,通州区,通州区翟里小学,101118.0,北京市通州区宋庄镇翟里村,010-89573246,PRIMARY
北京市,通州区,北京市通州区徐辛庄小学,101119.0,北京市通州区宋庄镇徐辛庄村,010-89563232,PRIMARY
北京市,通州区,北京市通州区双埠头小学,101119.0,北京市通州区宋庄镇双埠头村,010-52116030,PRIMARY
北京市,通州区,北京市通州区富豪小学,101119.0,北京市通州区宋庄镇富豪村,010-89551130,PRIMARY
北京市,通州区,北京市通州区葛渠小学,101119.0,北京市通州区宋庄镇葛渠村,010-89559876,PRIMARY
北京市,通州区,北京市通州区潞城镇中心小学,101117.0,北京市通州区潞城镇召里村,010-69591524,PRIMARY
北京市,通州区,通州区大营小学,101117.0,北京市通州区潞城镇大营村,010-89582099,PRIMARY
北京市,通州区,通州区后屯小学,101117.0,北京市通州区潞城镇后屯村,010-69595020,PRIMARY
北京市,通州区,北京市通州区大东各庄小学,101117.0,北京市通州区潞城镇大东各庄村,010-61521136,PRIMARY
北京市,通州区,北京市通州区大豆各庄小学,101117.0,北京市通州区潞城镇大豆各庄村,010-61521334,PRIMARY
北京市,通州区,通州区卜落垡小学,101117.0,北京市通州区潞城镇卜落垡村,010-61521714,PRIMARY
北京市,通州区,北京市通州区西集镇中心小学,101106.0,北京市通州区西集镇政府街25号,010-61576249,PRIMARY
北京市,通州区,通州区肖林小学,101106.0,北京市通州区西集镇肖家林村,010-61576144,PRIMARY
北京市,通州区,通州区大灰店小学,101106.0,北京市通州区西集镇大灰店村,010-61576408,PRIMARY
北京市,通州区,通州区新东仪小学,101106.0,北京市通州区西集镇黄东仪村,010-61576064,PRIMARY
北京市,通州区,通州区郎府小学,101108.0,北京市通州区西集镇郎东村,010-61558074,PRIMARY
北京市,通州区,北京市通州区杜柳棵小学,101108.0,北京市通州区西集镇杜柳棵村,010-61558108,PRIMARY
北京市,通州区,通州区沙古堆小学,101108.0,北京市通州区西集镇沙古堆村,010-61558162,PRIMARY
北京市,通州区,通州区靛庄小学,101109.0,北京市通州区漷县镇靛庄村,010-80586567,PRIMARY
北京市,通州区,通州区马头小学,101109.0,北京市通州区漷县镇马堤村,010-80599336,PRIMARY
北京市,通州区,通州区黄厂铺小学,101109.0,北京市通州区漷县镇黄厂铺村,010-69564035,PRIMARY
北京市,通州区,通州区觅子店小学,101112.0,北京市通州区漷县镇觅子店村,010-80566040,PRIMARY
北京市,通州区,北京市通州区东定安小学,101112.0,北京市通州区漷县镇东定安村,010-80566385,PRIMARY
北京市,通州区,北京市通州区张庄小学,101112.0,北京市通州区漷县镇张庄村,010-80566079,PRIMARY
北京市,通州区,北京市通州区曹庄小学,101112.0,北京市通州区漷县镇曹庄村,010-80566583,PRIMARY
北京市,通州区,通州区德仁务小学,101105.0,北京市通州区永乐店镇德仁务中街村,010-69569364,PRIMARY
北京市,通州区,通州区小务小学,101105.0,北京市通州区永乐店镇小务村,010-80551547,PRIMARY
北京市,通州区,通州区柴厂屯小学,101115.0,北京市通州区永乐店镇柴厂屯村,010-80511545,PRIMARY
北京市,通州区,北京市通州区于家务乡渠头小学,101105.0,北京市通州区于家务乡渠头村,010-80521541,PRIMARY
北京市,通州区,通州区小张湾小学,101102.0,北京市通州区马驹桥镇小张湾村,010-60500604,PRIMARY
北京市,通州区,通州区大杜社小学,101103.0,北京市通州区马驹桥镇小杜社村,010-61586608,PRIMARY
北京市,通州区,通州区东石小学,101111.0,北京市通州区台湖镇东石村,010-69505272,PRIMARY
北京市,通州区,北京市通州区台湖学校,101116.0,北京市通州区台湖镇台湖村,010-61536208,PRIMARY
北京市,通州区,北京市通州区枣林庄民族小学,101113.0,北京市通州区张家湾镇枣林庄村,010-69573469,PRIMARY
北京市,通州区,北京市通州区上店小学,101113.0,北京市通州区张家湾镇上店村,010-61562587,PRIMARY
北京市,通州区,北京市通州区张辛庄小学,101113.0,北京市通州区张家湾镇张辛庄村,010-69573197,PRIMARY
北京市,通州区,北京市通州区牛堡屯学校,101104.0,北京市通州区张家湾镇中街村,010-69581391,PRIMARY
北京市,通州区,通州区西马庄小学,101101.0,北京市通州区永顺镇西马庄村,010-60513380,PRIMARY
北京市,通州区,通州区乔庄小学,101101.0,北京市通州区永顺镇乔庄村,010-81585845,PRIMARY
北京市,通州区,通州区发电厂小学,101101.0,北京市通州区永顺镇小圣庙村,010-61563183,PRIMARY
北京市,通州区,通州区龙旺庄小学,101101.0,北京市通州区永顺镇小潞邑村,010-89519604,PRIMARY
北京市,通州区,通州区焦王庄小学,101101.0,北京市通州区永顺镇焦王庄村,010-89597737,PRIMARY
北京市,通州区,通州区范庄小学,101101.0,北京市通州区永顺镇范庄村,010-69553172,PRIMARY
北京市,通州区,通州区大稿新村小学,101101.0,北京市通州区梨园镇大稿新村,010-81566724,PRIMARY
北京市,通州区,北京市通州区月河学校,101111.0,北京市通州区台湖镇次一村,010-81509419,PRIMARY
北京市,通州区,北京市通州区新未来实验学校,101118.0,北京市通州区宋庄镇宋庄村,010-89578346,PRIMARY
北京市,通州区,北京市通州区立华学校,101101.0,北京市通州区梨园镇高楼金村,010-81528665,PRIMARY
北京市,通州区,北京市通州区红星小学,101102.0,北京市通州区马驹桥镇二街村15号,010-60593305,PRIMARY
北京市,通州区,北京市通州区台湖镇培彦学校,101111.0,北京市通州区台湖镇东石村,010-81509183,PRIMARY
北京市,通州区,北京市通州区古城小学,101117.0,北京市通州区潞城镇古城村,010-89583721,PRIMARY
北京市,通州区,北京市通州区新华学校,101100.0,北京市通州区新华大街77号,010-69549645,PRIMARY
北京市,通州区,通州区北寺庄小学,101118.0,北京市通州区宋庄镇北寺庄村,010-89571779,PRIMARY
北京市,通州区,通州区南刘小学,101117.0,北京市通州区潞城镇南刘村,010-89583724,PRIMARY
北京市,通州区,北京市通州区永乐店镇中心小学,101105.0,北京市通州区永乐店镇永一村,010-80571768,PRIMARY
北京市,通州区,通州区西垡小学,101105.0,北京市通州区于家务乡西垡村,010-80521422,PRIMARY
北京市,通州区,北京市通州区台湖镇麦庄小学,101111.0,北京市通州区台湖镇麦庄村,010-69506220,PRIMARY
北京市,通州区,通州区张家湾镇张湾村民族小学,101113.0,北京市通州区张家湾镇张湾村,010-61561781,PRIMARY
北京市,通州区,北京市通州区张湾镇民族小学,101113.0,北京市通州区张家湾镇张湾村,010-69571173,PRIMARY
北京市,通州区,北京市通州区陆辛庄学校,101104.0,北京市通州区张家湾镇陆辛庄村,010-69585189,PRIMARY
北京市,通州区,北京市通州区私立博羽小学,101111.0,北京市通州区台湖镇麦庄村,010-69508984,PRIMARY
北京市,通州区,北京市通州区艺才小学,101102.0,北京市通州区马驹桥镇大葛庄124号,010-60500839,PRIMARY
北京市,通州区,北京市通州区兴顺实验小学,101100.0,北京市通州区永顺镇刘庄村,010-60511476,PRIMARY
北京市,通州区,北京市通州区明星小学,101119.0,北京市通州区宋庄镇尹各庄村,010-89576788,PRIMARY
北京市,房山区,北京市房山区大宁学校,102442.0,北京市房山区长阳镇大宁山庄小区,010-81355988,PRIMARY
北京市,房山区,北京市房山区昊天学校,102488.0,北京市房山区拱辰街道办事处玉竹西路,010-69387621,PRIMARY
北京市,房山区,北京市房山区北潞园学校,102488.0,北京市房山区西潞街道办事处北潞园小区北潞春E5楼,010-89391045,PRIMARY
北京市,房山区,北京市房山区燕山羊耳峪小学,102502.0,北京市房山区燕山羊耳峪东里1号,010-69347801,PRIMARY
北京市,房山区,北京市燕山东风小学,102502.0,北京市房山区燕山东风街16号,010-69344862,PRIMARY
北京市,房山区,北京市燕山前进第一小学,102500.0,北京市房山区燕山迎风四里1号,010-69344130,PRIMARY
北京市,房山区,北京市燕山向阳小学,102500.0,北京市房山区燕山向阳一巷9号,010-69341246,PRIMARY
北京市,房山区,北京市燕山前进第二小学,102500.0,北京市房山区燕山杏花西里40号,010-69345031,PRIMARY
北京市,房山区,北京市房山区城关第三小学,102400.0,北京市房山区城关街道办事处永安西里25号,010-81309131,PRIMARY
北京市,房山区,北京市房山区良乡第二小学,102401.0,北京市房山区拱辰街道办事处北秀街27号,010-69352015,PRIMARY
北京市,房山区,北京市房山区佛子庄乡中心小学,102417.0,北京市房山区佛子庄乡东班各庄村,010-63060683,PRIMARY
北京市,房山区,北京市房山区窦店镇窦店中心小学,102433.0,北京市房山区窦店镇窦店村,010-69391062,PRIMARY
北京市,房山区,北京市房山区良乡小学,102401.0,北京市房山区拱辰街道办事处良乡中路12号,010-69351626,PRIMARY
北京市,房山区,北京市房山区良乡第三小学,102487.0,北京市房山区西潞街道办事处西潞园小区三里11号,010-89355432,PRIMARY
北京市,房山区,北京市房山区韩村河镇宝健希望小学,102406.0,北京市房山区韩村河镇孤山口村,010-61314056,PRIMARY
北京市,房山区,北京房山少林寺文武学校,102401.0,北京市房山区拱辰街道办事处广阳西路2号,010-89366691,PRIMARY
北京市,房山区,北京市房山区燕山星城小学,102425.0,北京市房山区燕山星城健德一里41号,010-81331030,PRIMARY
北京市,房山区,北京市房山区燕山星城第二小学,102425.0,北京市房山区燕山星城健德一里40号,010-69347554,PRIMARY
北京市,房山区,北京市房山区城关第二小学,102400.0,北京市房山区城关街道办事处保健路二条51号,010-69314069,PRIMARY
北京市,房山区,北京市房山区十渡中心小学,102411.0,北京市房山区十渡镇十渡村,010-61340797,PRIMARY
北京市,房山区,北京市房山区窦店镇兴隆庄完全小学,102434.0,北京市房山区窦店镇兴隆庄村,010-80317446,PRIMARY
北京市,房山区,北京市房山区窦店镇交道中心小学,102434.0,北京市房山区窦店镇交道一街村,010-80318549,PRIMARY
北京市,房山区,北京市房山区窦店镇于庄完全小学,102433.0,北京市房山区窦店镇于庄村,010-51168206,PRIMARY
北京市,房山区,北京市房山区窦店镇望楚完全小学,102433.0,北京市房山区窦店镇望楚村,010-69394039,PRIMARY
北京市,房山区,北京市房山区窦店镇芦村完全小学,102433.0,北京市房山区窦店镇芦村,010-69393445,PRIMARY
北京市,房山区,北京市房山区窦店镇瓦窑头完全小学,102433.0,北京市房山区窦店镇瓦窑头村,010-69397918,PRIMARY
北京市,房山区,北京辅仁音乐学校,102442.0,北京市房山区长阳镇稻田南里8号,010-80350620,PRIMARY
北京市,房山区,北京市房山区城关镇洪寺完全小学,102400.0,北京市房山区城关街道办事处西大街33号,010-69319614,PRIMARY
北京市,房山区,北京市房山区房山街道田各庄完全小学,102400.0,北京市房山区城关街道办事处田各庄村,010-81301667,PRIMARY
北京市,房山区,北京市房山区城关镇羊头岗完全小学,102400.0,北京市房山区城关街道办事处羊头岗村,010-81307346,PRIMARY
北京市,房山区,北京市房山区城关镇顾册完全小学,102400.0,北京市房山区城关街道办事处顾册村,010-69329838,PRIMARY
北京市,房山区,北京市房山区房山街道饶乐府完全小学,102400.0,北京市房山区城关街道办事处饶乐府村,010-69310358,PRIMARY
北京市,房山区,北京市房山区城关镇马各庄完全小学,102400.0,北京市房山区城关街道办事处马各庄村,010-89327904,PRIMARY
北京市,房山区,首都师范大学附属良乡实验学校,102401.0,北京市房山区拱辰街道办事处建华路10号,010-89365747,PRIMARY
北京市,房山区,北京市房山区阎村镇北坊完全小学,102413.0,北京市房山区阎村镇北坊村,010-60386906,PRIMARY
北京市,房山区,北京市房山区阎村镇炒米店完全小学,102488.0,北京市房山区阎村镇炒米店村,010-89310124,PRIMARY
北京市,房山区,北京市房山区阎村镇大董村完全小学,102413.0,北京市房山区阎村镇大董村,010-89318314,PRIMARY
北京市,房山区,北京市房山区阎村镇后十三里完全小学,102488.0,北京市房山区阎村镇后十三里村,010-80331204,PRIMARY
北京市,房山区,北京市房山区阎村镇阎村中心小学,102412.0,北京市房山区阎村镇南梨园村,010-89319284,PRIMARY
北京市,房山区,北京市房山区大安山中心校第二完全小学,102419.0,北京市房山区大安山乡元港村,010-60372316,PRIMARY
北京市,房山区,北京市房山区长阳镇公议庄完全小学,102444.0,北京市房山区长阳镇公议庄村,010-60358364,PRIMARY
北京市,房山区,北京市房山区长阳镇葫芦垡中心小学,102444.0,北京市房山区长阳镇葫芦垡村,010-60352107,PRIMARY
北京市,房山区,北京市房山区青龙湖镇坨里中心小学,102471.0,北京市房山区青龙湖镇坨里村北街25号,010-80379412,PRIMARY
北京市,房山区,北京市房山区青龙湖镇上万完全小学,102471.0,北京市房山区青龙湖镇上万村,010-80370016,PRIMARY
北京市,房山区,北京市房山区青龙湖镇沙窝完全小学,102471.0,北京市房山区青龙湖镇沙窝村,010-80377994,PRIMARY
北京市,房山区,北京市房山区青龙湖镇北车营完全小学,102471.0,北京市房山区青龙湖镇北车营村,010-60383045,PRIMARY
北京市,房山区,北京市房山区韩村河镇曹章完全小学,102423.0,北京市房山区韩村河镇曹章村,010-80380867,PRIMARY
北京市,房山区,北京市房山区韩村河镇五侯中心小学,102406.0,北京市房山区韩村河镇五侯村,010-61317057,PRIMARY
北京市,房山区,北京市房山区韩村河镇天开完全小学,102406.0,北京市房山区韩村河镇天开村,010-61326252,PRIMARY
北京市,房山区,北京市房山区良乡行宫园学校,102488.0,北京市房山区拱辰街道办事处行宫园小区,010-89351495,PRIMARY
北京市,房山区,北京市房山区张坊镇瓦沟完全小学,102409.0,北京市房山区张坊镇瓦沟村,010-61336030,PRIMARY
北京市,房山区,北京市房山区张坊镇张坊中心小学,102409.0,北京市房山区张坊镇张坊村中四区61号,010-61338899,PRIMARY
北京市,房山区,北京市房山区良乡镇黑古台民族小学,102401.0,北京市房山区良乡地区办事处黑古台村,010-60332447,PRIMARY
北京市,房山区,北京市房山区良乡镇官道中心小学,102446.0,北京市房山区良乡地区办事处西石羊村,010-60331606,PRIMARY
北京市,房山区,北京市房山区良乡镇邢家坞完全小学,102446.0,北京市房山区良乡地区办事处邢家坞村,010-60332654,PRIMARY
北京市,房山区,北京市房山区城关小学,102400.0,北京市房山区城关街道办事处东城根3号,010-69314881,PRIMARY
北京市,房山区,北京市房山区大石窝镇南尚乐中心小学,102408.0,北京市房山区大石窝镇南尚乐村,010-61386151,PRIMARY
北京市,房山区,北京市房山区大石窝镇石窝完全小学,102408.0,北京市房山区大石窝镇石窝村,010-61323364,PRIMARY
北京市,房山区,北京市房山区大石窝镇广润庄完全小学,102408.0,北京市房山区大石窝镇广润庄,010-61321830,PRIMARY
北京市,房山区,北京市房山区大石窝镇后石门村完全小学,102407.0,北京市房山区大石窝镇后石门村,010-61383285,PRIMARY
北京市,房山区,北京市房山区琉璃河水泥厂学校,102403.0,北京市房山区琉璃河地区办事处琉璃河车站前街10号,010-51105466,PRIMARY
北京市,房山区,北京市房山区石楼中心小学,102422.0,北京市房山区石楼镇石楼村,010-89309624,PRIMARY
北京市,房山区,北京市房山区石楼镇夏村完全小学,102400.0,北京市房山区石楼镇夏村,010-69324924,PRIMARY
北京市,房山区,北京市房山区石楼镇坨头完全小学,102422.0,北京市房山区石楼镇坨头村,010-89301765,PRIMARY
北京市,房山区,北京市房山区石楼镇大次洛完全小学,102422.0,北京市房山区石楼镇大次洛村,010-89302704,PRIMARY
北京市,房山区,北京市房山区长沟镇长沟中心小学,102407.0,北京市房山区长沟镇西长沟村,010-61361371,PRIMARY
北京市,房山区,北京市房山区长沟镇龙泉河完全小学,102407.0,北京市房山区长沟镇南甘池村北,010-61360057,PRIMARY
北京市,房山区,北京市房山区长沟镇北正完全小学,102407.0,北京市房山区长沟镇北正村,010-61318011,PRIMARY
北京市,房山区,北京市房山区霞云岭乡龙门台完全小学,102421.0,北京市房山区霞云岭乡龙门台村,010-60367347,PRIMARY
北京市,房山区,北京市房山区霞云岭乡霞云岭中心小学,102421.0,北京市房山区霞云岭乡霞云岭村,010-60367347,PRIMARY
北京市,房山区,北京市房山区青龙湖镇大苑村完全小学,102447.0,北京市房山区青龙湖镇大苑村,010-60329594,PRIMARY
北京市,房山区,北京市房山区青龙湖镇中心小学,102447.0,北京市房山区青龙湖镇豆各庄村,010-60321744,PRIMARY
北京市,房山区,北京市房山区青龙湖镇南四位完全小学,102471.0,北京市房山区青龙湖镇南四位村,010-60301247,PRIMARY
北京市,房山区,北京市房山区良乡镇良乡中心小学,102488.0,北京市房山区西潞街道办事处苏庄村,010-69382134,PRIMARY
北京市,房山区,北京市房山区良乡镇固村完全小学,102488.0,北京市房山区西潞街道办事处固村,010-89359730,PRIMARY
北京市,房山区,北京市房山区良乡镇东沿村完全小学,102488.0,北京市房山区西潞街道办事处东沿村,010-69382134,PRIMARY
北京市,房山区,北京市房山区琉璃河镇常舍完全小学,102431.0,北京市房山区琉璃河地区办事处常舍村,010-80390560,PRIMARY
北京市,房山区,北京市房山区琉璃河镇路村完全小学,102431.0,北京市房山区琉璃河地区办事处路村,010-80397440,PRIMARY
北京市,房山区,北京市房山区琉璃河镇务滋完全小学,102431.0,北京市房山区琉璃河地区办事处务滋村,010-80397124,PRIMARY
北京市,房山区,北京市房山区琉璃河镇西南召中心小学,102431.0,北京市房山区琉璃河地区办事处西南召村,010-80398194,PRIMARY
北京市,房山区,北京市房山区琉璃河镇三街完全小学,102403.0,北京市房山区琉璃河地区办事处三街村,010-51137630,PRIMARY
北京市,房山区,北京市房山区琉璃河镇琉璃河中心小学,102403.0,北京市房山区琉璃河地区办事处二街村,010-89381244,PRIMARY
北京市,房山区,北京市房山区琉璃河镇祖村完全小学,102403.0,北京市房山区琉璃河地区办事处祖村,010-80301743,PRIMARY
北京市,房山区,北京市房山区周口店地区周口店中心小学,102405.0,北京市房山区周口店地区办事处周口店村周口店大街54号,010-69301380,PRIMARY
北京市,房山区,北京市房山区周口店地区瓦井完全小学,102452.0,北京市房山区周口店地区办事处瓦井村,010-69309317,PRIMARY
北京市,房山区,北京市房山区周口店地区黄山店小学,102454.0,北京市房山区周口店地区办事处黄山店村,010-60364717,PRIMARY
北京市,房山区,北京市房山区周口店长沟峪小学,102451.0,北京市房山区周口店地区办事处长沟峪煤矿,010-69307069,PRIMARY
北京市,房山区,北京市房山区周口店地区娄子水完全小学,102405.0,北京市房山区周口店地区办事处娄子水村,010-69308312,PRIMARY
北京市,房山区,北京市房山区长阳镇张家场完全小学,102445.0,北京市房山区长阳镇张家场村,010-60314524,PRIMARY
北京市,房山区,北京市房山区长阳镇西营完全小学,102445.0,北京市房山区长阳镇西营村,010-80366485,PRIMARY
北京市,房山区,北京市房山区长阳镇水碾屯完全小学,102445.0,北京市房山区长阳镇水碾屯村,010-80354896,PRIMARY
北京市,房山区,北京市房山区南窖乡南窖中心小学,102418.0,北京市房山区南窖乡南窖村,010-60375248,PRIMARY
北京市,房山区,房山区河北镇河北小学,102417.0,北京市房山区河北镇河南村,010-60377620,PRIMARY
北京市,房山区,房山区河北镇黄土坡小学,102416.0,北京市房山区河北镇黄土坡村,010-60312547,PRIMARY
北京市,房山区,北京市房山区河北镇磁家务小学,102413.0,北京市房山区河北镇磁家务村,010-60312736,PRIMARY
北京市,房山区,北京市房山区河北镇东庄子小学,102417.0,北京市房山区河北镇东庄子村,010-60377503,PRIMARY
北京市,房山区,北京市房山区琉璃河镇窑上中心小学,102404.0,北京市房山区琉璃河地区办事处窑上村,010-80321189,PRIMARY
北京市,房山区,北京市房山区琉璃河镇辛立庄完全小学,102404.0,北京市房山区琉璃河地区办事处辛立庄村,010-80321534,PRIMARY
北京市,房山区,北京中南红星足球学校,102403.0,北京市房山区琉璃河地区办事处刘李店村东街8号,010-61393708,PRIMARY
北京市,房山区,北京市房山区窦店镇下坡店完全小学,102433.0,北京市房山区窦店镇下坡店村,010-69398757,PRIMARY
北京市,房山区,北京市房山区阎村镇后沿村完全小学,102412.0,北京市房山区阎村镇后沿村,010-89319502,PRIMARY
北京市,房山区,北京市房山区大安山乡大安山学校,102419.0,北京市房山区大安山乡大安山村,010-60373793,PRIMARY
北京市,房山区,北京市房山区史家营乡史家营中心小学,102461.0,北京市房山区史家营乡史家营村,010-60391381,PRIMARY
北京市,房山区,北京市房山区长阳镇阎仙垡完全小学,102444.0,北京市房山区长阳镇阎仙垡村,010-60359459,PRIMARY
北京市,房山区,北京市房山区韩村河镇赵各庄完全小学,102423.0,北京市房山区韩村河镇赵各庄村,010-80380630,PRIMARY
北京市,房山区,北京市房山区韩村河镇韩村河中心小学,102423.0,北京市房山区韩村河镇韩村河村,010-80380415,PRIMARY
北京市,房山区,北京市房山区张坊镇南白岱完全小学,102409.0,北京市房山区张坊镇南白岱村,010-61339943,PRIMARY
北京市,房山区,北京市房山区张坊镇西白岱完全小学,102409.0,北京市房山区张坊镇西白岱村,010-61339224,PRIMARY
北京市,房山区,北京煤矿机械厂职工子弟学校,102400.0,北京市房山区城关街道办事处矿机路,010-89324303,PRIMARY
北京市,房山区,北京市房山区明德小学,102408.0,北京市房山区大石窝镇下滩村,010-61322808,PRIMARY
北京市,房山区,北京市房山区四〇一学校,102413.0,北京市房山区新镇街道办事处东平街,010-69357111,PRIMARY
北京市,房山区,北京市房山区蒲洼乡蒲洼中心小学,102477.0,北京市房山区蒲洼乡蒲洼村,010-61371882,PRIMARY
北京市,房山区,北京市房山区石楼镇吉羊完全小学,102422.0,北京市房山区石楼镇吉羊村,010-89309719,PRIMARY
北京市,房山区,北京市房山区良乡镇太平庄小学,102488.0,北京市房山区西潞街道办事处太平庄村,010-61356549,PRIMARY
北京市,房山区,北京市房山区琉璃河镇兴礼完全小学,102403.0,北京市房山区琉璃河地区办事处兴礼村,010-51139611,PRIMARY
北京市,房山区,北京市房山区琉璃河镇立教完全小学,102403.0,北京市房山区琉璃河地区办事处立教村,010-69391824,PRIMARY
北京市,房山区,北京市房山区周口店地区新街完全小学,102453.0,北京市房山区周口店地区办事处新街村,010-61399572,PRIMARY
北京市,房山区,北京市房山区长阳镇长阳中心小学,102445.0,北京市房山区长阳镇长阳村,010-51135611,PRIMARY
北京市,延庆县,延庆县沙梁子中心小学,102108.0,北京市延庆县千家店镇沙梁子村北,010-60184125,PRIMARY
北京市,延庆县,延庆县大柏老中心小学,102109.0,北京市延庆县旧县镇大柏老村西,010-61151980-8003,PRIMARY
北京市,延庆县,延庆县西二道河中心小学,102100.0,北京市延庆县井庄镇西二道河村,010-61180360,PRIMARY
北京市,延庆县,延庆县沈家营中心小学,102100.0,北京市延庆县沈家营镇沈家营村,010-61133068,PRIMARY
北京市,延庆县,延庆县王木营小学,102105.0,北京市延庆县井家庄镇王木营村,010-61191704,PRIMARY
北京市,延庆县,延庆县太平庄中心小学,102101.0,北京市延庆县康庄镇太平庄村,010-69130174,PRIMARY
北京市,延庆县,延庆县张山营中心小学,102115.0,北京市延庆县张山营镇小河屯村,010-69111365,PRIMARY
北京市,延庆县,延庆县珍珠泉中心小学,102107.0,北京市延庆县珍珠泉乡珍珠泉村,010-60186413,PRIMARY
北京市,延庆县,延庆县下屯中心小学,102100.0,北京市延庆县大榆树镇下屯村,010-61119517,PRIMARY
北京市,延庆县,延庆县八达岭中心小学,102102.0,北京市延庆县八达岭镇西拨子村北,010-69129491,PRIMARY
北京市,延庆县,延庆县大榆树中心小学,102100.0,北京市延庆县大榆树镇大榆树村249号,010-61182347,PRIMARY
北京市,延庆县,延庆县靳家堡中心小学,102100.0,北京市延庆县张山营镇靳家堡村,010-69190712,PRIMARY
北京市,延庆县,延庆县康庄中心小学,102101.0,北京市延庆县康庄镇一街,010-61164164,PRIMARY
北京市,延庆县,延庆县姚家营中心小学,102115.0,北京市延庆县张山营镇姚家营村,010-69110567,PRIMARY
北京市,延庆县,延庆县西五里营小学,102115.0,北京市延庆县张山营镇西五里营村,010-69113910,PRIMARY
北京市,延庆县,延庆县南张庄中心小学,102104.0,北京市延庆县永宁镇南张庄村,010-60173139,PRIMARY
北京市,延庆县,延庆县永宁小学,102104.0,北京市延庆县永宁镇东街14号,010-60171281,PRIMARY
北京市,延庆县,延庆县左所屯中心小学,102104.0,北京市延庆县永宁镇左所屯西区1号,010-60171435,PRIMARY
北京市,延庆县,延庆县十一学校,102100.0,北京市延庆县延庆镇三清观29号,010-69101592,PRIMARY
北京市,延庆县,延庆县清泉铺中心小学,102104.0,北京市延庆县永宁镇清泉铺村,010-60180374,PRIMARY
北京市,延庆县,延庆县第一小学,102100.0,北京市延庆县延庆镇杨家胡同42号,010-69143708,PRIMARY
北京市,延庆县,延庆县刘斌堡中心小学,102104.0,北京市延庆县刘斌堡乡刘斌堡村,010-60181013,PRIMARY
北京市,延庆县,延庆县永宁镇民族小学,102104.0,北京市延庆县永宁镇吴坊营村,010-60170258,PRIMARY
北京市,延庆县,延庆县第四小学,102100.0,北京市延庆县延庆镇南菜园二区第四小学,010-81198749,PRIMARY
北京市,延庆县,延庆县第二小学,102100.0,北京市延庆县延庆镇高塔街19号,010-69175158,PRIMARY
北京市,延庆县,北京市延庆县第三小学,102100.0,北京市延庆县延庆镇东外大街66号,010-69103581,PRIMARY
北京市,延庆县,延庆县八里庄中心小学,102100.0,北京市延庆县延庆镇八里庄村南,010-61121811,PRIMARY
北京市,延庆县,延庆县西屯中心小学,102100.0,北京市延庆县延庆镇新白庙村北,010-61111890,PRIMARY
北京市,延庆县,延庆县四海中心小学,102107.0,北京市延庆县四海镇四海村东73号,010-60187283,PRIMARY
北京市,延庆县,延庆县香营学校,102104.0,北京市延庆县香营乡香营村,010-60161845,PRIMARY
北京市,延庆县,延庆县花盆中心小学,102108.0,北京市延庆县千家店镇鹿叫村南,010-60183449,PRIMARY
北京市,延庆县,延庆县千家店学校,102108.0,北京市延庆县千家店镇后沟村33号,010-60188403,PRIMARY
北京市,延庆县,延庆县井家庄中心小学,102105.0,北京市延庆县井家庄镇井家庄村,010-61191704,PRIMARY
北京市,延庆县,延庆县米粮屯小学,102109.0,北京市延庆县旧县镇米粮屯村,010-61151980,PRIMARY
北京市,延庆县,延庆县张山营小学,102115.0,北京市延庆县张山营镇张山营村,010-69111800,PRIMARY
北京市,延庆县,延庆县榆林堡小学,102101.0,北京市延庆县康庄镇榆林堡村,010-61164164,PRIMARY
北京市,延庆县,延庆县中羊坊小学,102100.0,北京市延庆县张山营镇中羊坊村,010-69199011,PRIMARY
北京市,延庆县,延庆县小丰营中心小学,102100.0,北京市延庆县康庄镇小丰营村,010-81187470,PRIMARY
北京市,延庆县,延庆县司家营小学,102100.0,北京市延庆县延庆镇司家营村,010-81192149,PRIMARY
北京市,延庆县,延庆县莲花池小学,102100.0,北京市延庆县延庆镇莲花池村,010-69181430,PRIMARY
北京市,延庆县,延庆县旧县中心小学,102109.0,北京市延庆县旧县镇旧县村,010-61151965,PRIMARY
北京市,延庆县,延庆县大庄科中心小学,102106.0,北京市延庆县大庄科乡大庄科村,010-60189814,PRIMARY
北京市,延庆县,延庆县下营小学,102115.0,北京市延庆县张山营镇下营村,010-69119811,PRIMARY
北京市,延庆县,延庆县西红寺小学,102101.0,北京市延庆县康庄镇西红寺村,010-69130174,PRIMARY
北京市,延庆县,延庆县广积屯完小,102100.0,北京市延庆县延庆镇广积屯村,010-51051227,PRIMARY
北京市,延庆县,延庆县水磨小学,102100.0,北京市延庆县延庆镇上水磨村,010-69176112,PRIMARY
北京市,顺义区,北京市圣苑-美语实验学校,101318.0,北京市顺义区后沙峪镇后沙峪村,010-80497460,PRIMARY
北京市,顺义区,北京市海嘉双语学校,101300.0,北京市顺义区后沙峪裕民大街5号,010-80410390,PRIMARY
北京市,顺义区,北京市顺义区赵各庄学校,101309.0,北京市顺义区张镇赵各庄村,010-61491420,PRIMARY
北京市,顺义区,北京市新英才学校,101300.0,北京市顺义区后沙峪镇安华街9号,010-80413023,PRIMARY
北京市,顺义区,北京市顺义区沙岭学校,101309.0,北京市顺义区杨镇沙岭村青年路5号,010-61443968,PRIMARY
北京市,顺义区,北京市顺义区高丽营学校,101303.0,北京市顺义区高丽营镇四村,010-69455926,PRIMARY
北京市,顺义区,北京市顺义区南彩学校,101300.0,北京市顺义区南彩镇南彩村东,010-89469286,PRIMARY
北京市,顺义区,北京市顺义区小店中心小学校,101309.0,北京市顺义区杨镇辛庄子村小学路4号,010-61412824,PRIMARY
北京市,顺义区,北京市顺义区马坡中心小学校,101300.0,北京市顺义区马坡镇向阳西路,010-69401651,PRIMARY
北京市,顺义区,北京市顺义区明德小学,101314.0,北京市顺义区木林镇马坊村中心街5号,010-60448505,PRIMARY
北京市,顺义区,北京市顺义区杨镇中心小学校,101309.0,北京市顺义区杨镇环镇东路12号,010-61451244,PRIMARY
北京市,顺义区,北京市顺义区李遂中心小学校,101300.0,北京市顺义区李遂镇南孙路李遂段17号,010-89484220,PRIMARY
北京市,顺义区,北京市顺义区板桥中心小学校,101300.0,北京市顺义区赵全营镇板桥村牛板路段1号,010-60442174,PRIMARY
北京市,顺义区,北京市顺义区东风小学,101300.0,北京市顺义区光明街拥军路9号,010-69445326,PRIMARY
北京市,顺义区,北京市顺义区光明小学,101300.0,北京市顺义区光明北街东安路东,010-69422329,PRIMARY
北京市,顺义区,北京市顺义区南法信中心小学校,101300.0,北京市顺义区南法信镇顺余路5号,010-69473552,PRIMARY
北京市,顺义区,北京市顺义区俸伯中心小学校,101300.0,北京市顺义区南彩镇前俸伯村东,010-89477267,PRIMARY
北京市,顺义区,北京市顺义区张镇中心小学校,101307.0,北京市顺义区张镇张各庄村西侧张孙路张镇段2号,010-61480604,PRIMARY
北京市,顺义区,北京市顺义区木林中心小学校,101314.0,北京市顺义区木林镇木林村东,010-60456039,PRIMARY
北京市,顺义区,北京市顺义区双兴小学,101300.0,北京市顺义区光明北街22号,010-81493907,PRIMARY
北京市,顺义区,北京市顺义区河南村中心小学校,101300.0,北京市顺义区仁和镇河南村幸福路3号,010-89492187,PRIMARY
北京市,顺义区,北京市顺义区北小营中心小学校,101305.0,北京市顺义区北小营镇北小营村,010-60483734,PRIMARY
北京市,顺义区,北京市顺义区空港小学,101318.0,北京市顺义区空港B区三山新新家园南侧,010-80477515,PRIMARY
北京市,顺义区,北京市顺义区马坡第二小学,101300.0,北京市顺义区马坡镇马卷村,010-69409805,PRIMARY
北京市,顺义区,北京市顺义区天竺中心小学校,101312.0,北京市顺义区天竺地区府右街7号,010-64584338,PRIMARY
北京市,顺义区,北京市顺义区石园小学,101300.0,北京市顺义区石园北区28号楼东,010-69425729,PRIMARY
北京市,顺义区,北京市顺义区仇家店中心小学校,101305.0,北京市顺义区北小营镇仇家店村,010-60483729,PRIMARY
北京市,顺义区,北京市顺义区沿河中心小学校,101311.0,北京市顺义区李桥镇沿河村西,010-69489636,PRIMARY
北京市,顺义区,北京市顺义区北石槽中心小学校,101300.0,北京市顺义区北石槽镇府前街11号,010-60422512,PRIMARY
北京市,顺义区,北京市顺义区赵全营中心小学校,101301.0,北京市顺义区赵全营镇牛板路赵全营段92号,010-60435426,PRIMARY
北京市,顺义区,北京市顺义区尹家府中心小学,101308.0,北京市顺义区大孙各庄镇四福通大街90号,010-61472814,PRIMARY
北京市,顺义区,北京市顺义区高丽营第二小学,101302.0,北京市顺义区高丽营镇张喜庄村拓新区13号,010-69491856,PRIMARY
北京市,顺义区,北京市顺义区港馨小学,101300.0,北京市顺义区港馨家园东区,010-89449872,PRIMARY
北京市,顺义区,北京市顺义区仁和中心小学,101300.0,北京市顺义区望泉地区望泉寺村南,010-69447725,PRIMARY
北京市,顺义区,北京市顺义区西辛小学,101300.0,北京市顺义区西辛南区顺西路12号,010-69461147,PRIMARY
北京市,顺义区,北京市顺义区后沙峪中心小学校,101318.0,北京市顺义区后沙峪镇后沙峪村,010-80416782,PRIMARY
北京市,顺义区,北京市顺义区大孙各庄中心小学校,101308.0,北京市顺义区大孙各庄镇府前东街6号,010-61432073,PRIMARY
北京市,顺义区,北京市顺义区龙湾屯中心小学校,101306.0,北京市顺义区龙湾屯镇府前南街8号,010-60461289,PRIMARY
北京市,顺义区,北京市顺义区东风小学（西校）,101300.0,北京市顺义区建新南区38号楼,010-69433973,PRIMARY
北京市,顺义区,北京市顺义区仓上小学,101300.0,北京市顺义区石园仓上小区,010-69441134,PRIMARY
北京市,顺义区,北京市顺义区俸伯中小联合小学,101300.0,北京市顺义区南彩镇柳桁村,010-89421400,PRIMARY
北京市,顺义区,北京市顺义区东风小学东校,101300.0,北京市顺义区拥军路1号,010-69468268,PRIMARY
北京市,顺义区,北京市顺义区牛山中心小学校,101301.0,北京市顺义区牛栏山镇府前街26号,010-69411083,PRIMARY
北京市,顺义区,北京市顺义区天竺中小裕达隆分校,101312.0,北京市顺义区天竺空港A区天柱西路28号,010-80489121,PRIMARY
北京市,顺义区,北京市顺义区李桥中心小学校,101304.0,北京市顺义区李桥镇馨港庄园38号,010-81478405,PRIMARY
北京市,顺义区,北京市顺义区北务中心小学校,101300.0,北京市顺义区北务镇商业街5号,010-61424311,PRIMARY
北京市,顺义区,北京市顺义区李各庄学校,101300.0,北京市顺义区木林镇李各庄育才路1号,010-60493367,PRIMARY
北京市,顺义区,北京市顺义区自强小学,101302.0,北京市顺义区高丽营镇张喜庄村,010-69491330,PRIMARY
北京市,怀柔区,北京市怀柔区庙城学校,101401.0,北京市怀柔区庙城镇庙城村南,010-60694257,PRIMARY
北京市,怀柔区,北京市怀柔区怀北学校,101408.0,北京市怀柔区怀北镇怀北庄村南,010-69662039,PRIMARY
北京市,怀柔区,北京市怀柔区雁栖学校,101407.0,北京市怀柔区雁栖镇范各庄村,010-61642988,PRIMARY
北京市,怀柔区,北京市怀柔区长哨营满族乡中心小学,101412.0,北京市怀柔区长哨营满族乡长哨营村,010-69621814,PRIMARY
北京市,怀柔区,北京市怀柔区汤河口镇中心小学,101411.0,北京市怀柔区汤河口镇汤河口街13号,010-89671430,PRIMARY
北京市,怀柔区,北京市怀柔区琉璃庙镇中心小学,101409.0,北京市怀柔区琉璃庙镇琉璃庙村,010-61618246,PRIMARY
北京市,怀柔区,北京市怀柔区实验小学,101400.0,北京市怀柔区小中富乐一区196号,010-89681753,PRIMARY
北京市,怀柔区,北京市怀柔区宝山镇中心小学,101411.0,北京市怀柔区宝山镇宝山寺村,010-60625340,PRIMARY
北京市,怀柔区,北京市怀柔区喇叭沟门满族乡中心小学,101414.0,北京市怀柔区喇叭沟门满族乡喇叭沟门村西,010-60623547,PRIMARY
北京市,怀柔区,北京市怀柔区渤海镇中心小学,101405.0,北京市怀柔区渤海镇渤海所村,010-60699024,PRIMARY
北京市,怀柔区,北京市怀柔区怀柔镇中心小学,101400.0,北京市怀柔区南华园三区2号,010-69697413,PRIMARY
北京市,怀柔区,北京市怀柔区第二小学,101400.0,北京市怀柔区湖光小区14号,010-69687936,PRIMARY
北京市,怀柔区,北京市怀柔区九渡河镇中心小学,101403.0,北京市怀柔区九渡河镇黄坎村西,010-61691305,PRIMARY
北京市,怀柔区,北京市怀柔区桥梓镇中心小学,101402.0,北京市怀柔区桥梓镇后桥梓村,010-69675029,PRIMARY
北京市,怀柔区,北京市怀柔区杨宋镇中心小学,101400.0,北京市怀柔区杨宋镇仙台村北,010-61679817,PRIMARY
北京市,怀柔区,北京市怀柔区北房镇中心小学,101400.0,北京市怀柔区北房镇幸福西街26号,010-61681494,PRIMARY
北京市,怀柔区,北京市怀柔区第三小学,101400.0,北京市怀柔区府前街11号,010-69623762,PRIMARY
北京市,怀柔区,北京市怀柔区第一小学,101400.0,北京市怀柔区迎宾北路13号,010-69698023,PRIMARY
北京市,怀柔区,北京市怀柔区宝山镇碾子小学,101411.0,北京市怀柔区宝山镇碾子村,010-60625340,PRIMARY
北京市,怀柔区,北京市怀柔区渤海镇沙峪小学,101405.0,北京市怀柔区渤海镇沙峪村,010-61631268,PRIMARY
北京市,怀柔区,北京市怀柔区怀柔镇郭家坞小学,101400.0,北京市怀柔区怀柔镇郭家坞村,010-89619594,PRIMARY
北京市,怀柔区,北京市怀柔区怀柔镇张各长小学,101400.0,北京市怀柔区怀柔镇张各长村,010-69627530,PRIMARY
北京市,怀柔区,北京市怀柔区九渡河镇九渡河小学,101404.0,北京市怀柔区九渡河镇九渡河村3号,010-89606935,PRIMARY
北京市,怀柔区,北京市怀柔区九渡河镇黄花城小学,101404.0,北京市怀柔区九渡河镇黄花城村南,010-61652163,PRIMARY
北京市,怀柔区,北京市怀柔区桥梓镇北宅小学,101402.0,北京市怀柔区桥梓镇北宅村,010-60691644,PRIMARY
北京市,怀柔区,北京市怀柔区茶坞铁路中学,101402.0,北京市怀柔区茶坞铁路地区22号,010-51040452,PRIMARY
北京市,怀柔区,北京市怀柔区庙城镇桃山小学,101401.0,北京市怀柔区庙城镇桃山村,010-89611001,PRIMARY
北京市,怀柔区,北京市怀柔区第六小学,101400.0,北京市怀柔区开放路119号,010-89688563,PRIMARY
北京市,怀柔区,北京市怀柔区北房镇宰相庄小学,101400.0,北京市怀柔区北房镇宰相庄村,010-61668055,PRIMARY
北京市,怀柔区,北京市怀柔区雁栖镇长元小学,101407.0,北京市怀柔区雁栖镇长元村,010-61627053,PRIMARY
北京市,怀柔区,北京市怀柔区庙城镇两河小学,101401.0,北京市怀柔区庙城镇刘两河村,010-89609924,PRIMARY
北京市,昌平区,北京市昌平区城北中心小学,102200.0,北京市昌平区城北街道六街瑞光胡同10号,010-69746126,PRIMARY
北京市,昌平区,北京市天通苑中山实验学校,102218.0,北京市昌平区东小口镇天通苑四区9号,010-84819306,PRIMARY
北京市,昌平区,北京市昌平区燕丹学校,102209.0,北京市昌平区北七家镇燕丹村1号,010-61757143,PRIMARY
北京市,昌平区,北京市昌平区兴寿学校,102212.0,北京市昌平区兴寿镇兴寿村,010-61726488,PRIMARY
北京市,昌平区,北京市昌平区下庄学校,102212.0,北京市昌平区兴寿镇下庄村,010-89726143,PRIMARY
北京市,昌平区,北京市昌平区南口学校,102202.0,北京市昌平区南口镇南辛东路24号,010-69771682,PRIMARY
北京市,昌平区,北京市昌平区前锋学校,102249.0,北京市昌平区城北街道水库路20号,010-69749055,PRIMARY
北京市,昌平区,北京市昌平区亭自庄学校,102202.0,北京市昌平区马池口镇北小营村,010-60756420,PRIMARY
北京市,昌平区,北京市私立汇佳学校,102200.0,北京市昌平区城南街道昌怀路157号,010-69744794,PRIMARY
北京市,昌平区,北京市昌平区二一学校,102205.0,北京市昌平区阳坊镇防化研究院,010-69760172,PRIMARY
北京市,昌平区,北京市昌平区百善学校,102211.0,北京市昌平区百善镇孟祖村南,010-61730046,PRIMARY
北京市,昌平区,北京少林武术学校,100096.0,北京市昌平区回龙观镇甲一号院,010-62715558,PRIMARY
北京市,昌平区,北京市昌平区西贯市回民小学,102205.0,北京市昌平区阳坊镇西贯市村,010-69760583,PRIMARY
北京市,昌平区,北京市昌平区老峪沟中心小学,102204.0,北京市昌平区流村镇老峪沟村,010-80192091,PRIMARY
北京市,昌平区,北京市昌平区城北中心三街小学,102200.0,北京市昌平区城北街道三街财神庙5号,010-80108385,PRIMARY
北京市,昌平区,北京市昌平区城北中心东关小学,102200.0,北京市昌平区城北街道东关育才胡同,010-80116178,PRIMARY
北京市,昌平区,北京市昌平区城北中心西关小学,102200.0,北京市昌平区城北街道西关槐树巷,010-89708566,PRIMARY
北京市,昌平区,北京市昌平第二实验小学,102208.0,北京市昌平区回龙观镇文化居住区龙腾二区30号,010-81739826,PRIMARY
北京市,昌平区,北京市昌平区霍营中心小学,102208.0,北京市昌平区回龙观镇文化居住区龙锦苑三区,010-80750786,PRIMARY
北京市,昌平区,北京市昌平实验小学,102208.0,北京市昌平区回龙观镇文化居住区风雅园三区13号,010-81713452,PRIMARY
北京市,昌平区,北京市昌平区巩华中心小学,102206.0,北京市昌平区沙河镇南一村安济桥路甲1号,010-69731596,PRIMARY
北京市,昌平区,北京市昌平区高崖口中心小学,102204.0,北京市昌平区流村镇瓦窑村,010-89778046,PRIMARY
北京市,昌平区,北京市昌平区十三陵中心小学,102200.0,北京市昌平区十三陵镇涧头村西,010-89705349,PRIMARY
北京市,昌平区,北京市昌平区城南中心小学,102200.0,北京市昌平区城南街道南郝庄村,010-89713048,PRIMARY
北京市,昌平区,北京市昌平区平西府中心小学,102209.0,北京市昌平区北七家镇白庙村,010-81785308,PRIMARY
北京市,昌平区,北京市昌平区大东流中心小学,102211.0,北京市昌平区小汤山镇大赴任庄村,010-61711365,PRIMARY
北京市,昌平区,北京市昌平区大东流中心土沟小学,102211.0,北京市昌平区小汤山镇土沟村762号,010-69753163,PRIMARY
北京市,昌平区,北京市昌平区北七家中心小学,102209.0,北京市昌平区北七家镇八仙庄村,010-81761240,PRIMARY
北京市,昌平区,北京市昌平区昌盛园小学,102200.0,北京市昌平区城南街道昌盛路,010-60741378,PRIMARY
北京市,昌平区,北京市昌平区小汤山中心小学,102211.0,北京市昌平区小汤山镇市场街,010-61781352,PRIMARY
北京市,昌平区,北京市昌平区阳坊中心小学,102205.0,北京市昌平区阳坊镇阳坊村,010-69762985,PRIMARY
北京市,昌平区,北京师范大学亚太实验学校,102209.0,北京市昌平区东三旗,010-69759604,PRIMARY
北京市,昌平区,北京王府外国语学校,102209.0,北京市昌平区北七家镇王府街11号,010-81783294,PRIMARY
北京市,昌平区,北京市昌平区天通苑小学,102218.0,北京市昌平区东小口镇天通苑东一区40号,010-61752407,PRIMARY
北京市,昌平区,北京市昌平区城关小学,102200.0,北京市昌平区城北街道西环里32号,010-89784725,PRIMARY
北京市,昌平区,北京市昌平区二毛学校,102200.0,北京市昌平区城北街道五街宽街胡同二毛学校,010-69742442,PRIMARY
北京市,昌平区,北京市昌平区南口镇小学,102202.0,北京市昌平区南口镇兴隆街33号,010-69771078,PRIMARY
北京市,昌平区,北京市昌平区崔村中心小学,102212.0,北京市昌平区崔村镇西崔村,010-60725002,PRIMARY
北京市,昌平区,北京市昌平区崔村中心大辛峰小学,102212.0,北京市昌平区崔村镇大辛峰村,010-60721987,PRIMARY
北京市,昌平区,北京市昌平区崔村中心香堂小学,102212.0,北京市昌平区崔村镇香堂村,010-60722051,PRIMARY
北京市,昌平区,北京市昌平区长陵中心小学,102213.0,北京市昌平区长陵镇景陵村,010-60761067,PRIMARY
北京市,昌平区,北京市昌平区长陵中心泰陵小学,102213.0,北京市昌平区长陵镇泰陵村,010-60761067,PRIMARY
北京市,昌平区,北京市昌平区长陵中心下口小学,102213.0,北京市昌平区长陵镇下口村,010-60761067,PRIMARY
北京市,昌平区,北京市昌平区史各庄中心小学,102206.0,北京市昌平区回龙观镇东半壁店村226号,010-69737094,PRIMARY
北京市,昌平区,北京市昌平区东小口中心小学,102218.0,北京市昌平区东小口镇中滩村,010-84814087,PRIMARY
北京市,昌平区,北京市昌平区东小口中心东小口小学,102209.0,北京市昌平区东小口镇东小口村,010-82915237,PRIMARY
北京市,昌平区,北京市昌平区天通苑学校,102218.0,北京市昌平区东小口镇天通苑西三区13号,010-64117720,PRIMARY
北京市,昌平区,北京市昌平区黑山寨学校,102213.0,北京市昌平区长陵镇黑山寨村西,010-89727147,PRIMARY
北京市,昌平区,北京市昌平区黑山寨学校南庄小学,102213.0,北京市昌平区长陵镇南庄村,010-89727164,PRIMARY
北京市,昌平区,北京市昌平区巩华中心第二小学,102206.0,北京市昌平区沙河镇东一村泰清宫大街57号,010-69731845,PRIMARY
北京市,昌平区,北京市昌平区七里渠中心小学,102206.0,北京市昌平区沙河镇七里渠北村1号,010-69737854,PRIMARY
北京市,昌平区,北京市昌平区高崖口中心漆园小学,102204.0,北京市昌平区流村镇漆园村,010-89778514,PRIMARY
北京市,昌平区,北京市昌平区回龙观中心小学,102208.0,北京市昌平区回龙观镇二拨子新村,010-80776707,PRIMARY
北京市,昌平区,北京市昌平区回龙观中心回龙观小学,100096.0,北京市昌平区回龙观镇南店新村,010-62713036,PRIMARY
北京市,昌平区,北京市昌平区南邵中心小学,102200.0,北京市昌平区南邵镇南邵村,010-60732346,PRIMARY
北京市,昌平区,北京市昌平区南邵中心何营小学,102200.0,北京市昌平区南邵镇何营村,010-60732343,PRIMARY
北京市,昌平区,北京市昌平区南邵中心景文屯小学,102200.0,北京市昌平区南邵镇景文屯村北街15号,010-69712340,PRIMARY
北京市,昌平区,北京市昌平区南邵中心三合庄小学,102200.0,北京市昌平区南邵镇三合庄村,010-60732341,PRIMARY
北京市,昌平区,北京市昌平区上苑中心小学,102212.0,北京市昌平区兴寿镇东新城村79号,010-61707251,PRIMARY
北京市,昌平区,北京市昌平区十三陵中心南新村小学,102200.0,北京市昌平区十三陵镇南新村,010-89705349,PRIMARY
北京市,昌平区,北京市昌平区回龙观第二小学,100096.0,北京市昌平区回龙观镇文化居住区文博路2号,010-62711087,PRIMARY
北京市,昌平区,北京市昌平区流村中心南流村小学,102204.0,北京市昌平区流村镇南流村,010-89771504,PRIMARY
北京市,昌平区,北京市昌平区流村中心西峰山小学,102204.0,北京市昌平区流村镇西峰山村,010-89771646,PRIMARY
北京市,昌平区,北京市昌平区流村中心小学,102204.0,北京市昌平区流村镇北流村,010-89771170,PRIMARY
北京市,昌平区,北京市昌平区流村中心新建村小学,102204.0,北京市昌平区流村镇新建村,010-89774435,PRIMARY
北京市,昌平区,北京市昌平区流村中心古将小学,102204.0,北京市昌平区流村镇古将村,010-89771534,PRIMARY
北京市,昌平区,北京市昌平区沙河中心踩河小学,102206.0,北京市昌平区沙河镇踩河新村,010-80713011,PRIMARY
北京市,昌平区,北京市昌平区沙河中心小学,102206.0,北京市昌平区沙河镇丰善村,010-69731280,PRIMARY
北京市,昌平区,北京市昌平区城南中心旧县小学,102200.0,北京市昌平区城南街道旧县村,010-89745509,PRIMARY
北京市,昌平区,北京市昌平区平西府中心平西府小学,102209.0,北京市昌平区北七家镇平西府村,010-69791596,PRIMARY
北京市,昌平区,北京市昌平区平西府中心东三旗小学,102209.0,北京市昌平区北七家镇东三旗村,010-81755396,PRIMARY
北京市,昌平区,北京市昌平区平西府中心东沙各庄小学,102209.0,北京市昌平区北七家镇东沙各庄村,010-89756082,PRIMARY
北京市,昌平区,北京市昌平区南口职业学校,102202.0,北京市昌平区南口镇南农家园小区,010-69771570,PRIMARY
北京市,昌平区,北京市昌平区大东流中心东官庄小学,102211.0,北京市昌平区小汤山镇东官庄村267号,010-61711645,PRIMARY
北京市,昌平区,北京市昌平区马池口中心小学,102200.0,北京市昌平区马池口镇马池口村,010-60775677,PRIMARY
北京市,昌平区,北京市昌平区马池口中心百泉庄小学,102200.0,北京市昌平区马池口镇百泉庄村,010-89746110,PRIMARY
北京市,昌平区,北京市昌平区马池口中心上念头小学,102200.0,北京市昌平区马池口镇上念头村,010-89746516,PRIMARY
北京市,昌平区,北京市昌平区马池口中心楼自庄小学,102200.0,北京市昌平区马池口镇楼自庄村,010-60771701,PRIMARY
北京市,昌平区,北京市昌平区马池口中心横桥小学,102200.0,北京市昌平区马池口镇横桥村,010-60771544,PRIMARY
北京市,昌平区,北京市昌平区小汤山中心后牛坊小学,102211.0,北京市昌平区小汤山镇后牛坊村,010-61791537,PRIMARY
北京市,昌平区,北京市昌平区南口中心小学,102202.0,北京市昌平区南口镇南口村城外5号,010-69771175,PRIMARY
北京市,昌平区,北京市昌平区南口中心辛力庄小学,102202.0,北京市昌平区南口镇辛力庄村,010-69770145,PRIMARY
北京市,昌平区,北京市昌平区南口中心七间房小学,102202.0,北京市昌平区南口镇七间房村,010-69770143,PRIMARY
北京市,昌平区,北京市昌平区阳坊中心四家庄小学,102205.0,北京市昌平区阳坊镇四家庄村西南街16号,010-69768464,PRIMARY
北京市,昌平区,北京市昌平区桃洼学校小学部,102202.0,北京市昌平区南口镇前洼村南,010-89794833,PRIMARY
北京市,昌平区,北京市昌平区桃洼学校檀峪小学,102202.0,北京市昌平区南口镇檀峪村南,010-69779262,PRIMARY
北京市,昌平区,北京铭师实验学校,102208.0,北京市昌平区回龙观镇龙泽东区34号,010-80775590,PRIMARY
北京市,昌平区,北京市昌平区南口铁道北小学,102202.0,北京市昌平区南口镇道北东区290号,010-69772863,PRIMARY
北京市,昌平区,北京市昌平区霍营中心半截塔小学,102209.0,北京市昌平区东小口镇半截塔村,010-81706443,PRIMARY
北京市,昌平区,北京市昌平区史各庄中心定福皇庄回民小学,102206.0,北京市昌平区回龙观镇定福黄庄村,010-69734831,PRIMARY
北京市,昌平区,北京市昌平区七里渠中心豆各庄小学,102206.0,北京市昌平区沙河镇豆各庄新村,010-58826800,PRIMARY
北京市,昌平区,北京市昌平区七里渠中心白各庄小学,102206.0,北京市昌平区沙河镇白各庄村,010-80713455,PRIMARY
北京市,昌平区,北京市昌平区十三陵中心泰陵园小学,102200.0,北京市昌平区十三陵镇泰陵园村,010-89705349,PRIMARY
北京市,昌平区,北京市昌平区沙河中心西沙屯小学,102206.0,北京市昌平区沙河镇西沙屯村,010-80762246,PRIMARY
北京市,昌平区,北京市昌平区沙河中心于辛庄小学,102206.0,北京市昌平区沙河镇于辛庄村,010-52560239,PRIMARY
北京市,昌平区,北京市昌平区城南中心邓庄小学,102200.0,北京市昌平区城南街道邓庄村,010-89731540,PRIMARY
北京市,昌平区,北京市昌平区亭自庄学校土楼小学,102202.0,北京市昌平区马池口镇土楼村,010-69775917,PRIMARY
北京市,昌平区,北京市昌平区平西府中心郑各庄小学,102209.0,北京市昌平区北七家镇郑各庄村,010-81781899,PRIMARY
北京市,昌平区,北京市昌平区北七家中心鲁疃小学,102209.0,北京市昌平区北七家镇鲁疃村,010-69753449,PRIMARY
北京市,昌平区,北京市昌平区马池口中心白浮小学,102200.0,北京市昌平区马池口镇白浮村,010-60771255,PRIMARY
北京市,昌平区,北京市昌平区马池口中心奤夿屯小学,102200.0,北京市昌平区马池口镇奤夿屯村,010-89703520,PRIMARY
北京市,昌平区,北京市昌平区小汤山中心马坊小学,102211.0,北京市昌平区小汤山镇马坊村,010-61784731,PRIMARY
北京市,昌平区,北京市昌平区小汤山中心大汤山小学,102211.0,北京市昌平区小汤山镇大汤山村,010-61793242,PRIMARY
北京市,昌平区,北京市昌平区阳坊中心后白虎涧小学,102205.0,北京市昌平区阳坊镇后白虎涧村,010-69676714,PRIMARY
北京市,昌平区,北京市昌平区阳坊中心八口小学,102205.0,北京市昌平区阳坊镇八口村,010-69769379,PRIMARY
北京市,平谷区,北京市平谷区第三小学,101200.0,北京市平谷区平谷镇建设南小区1号,010-69961350,PRIMARY
北京市,平谷区,北京市平谷区第六小学,101200.0,北京市平谷区平谷镇金乡西小区48号,010-52792364,PRIMARY
北京市,平谷区,北京市平谷区南独乐河小学,101212.0,北京市平谷区南独乐河镇南独乐河村中心校西路3号,010-60926118,PRIMARY
北京市,平谷区,北京市平谷区夏各庄小学,101213.0,北京市平谷区夏各庄镇夏各庄后街3号,010-60913670,PRIMARY
北京市,平谷区,北京市平谷区峪口镇中心小学,101206.0,北京市平谷区峪口镇峪口村育才路46号,010-61900983,PRIMARY
北京市,平谷区,北京市平谷区第七小学,101200.0,北京市平谷区平谷镇西鹿角村东,010-69963521,PRIMARY
北京市,平谷区,北京市平谷区刘家店小学,101208.0,北京市平谷区刘家店镇刘家店村西路56号,010-61971032,PRIMARY
北京市,平谷区,北京市平谷区金海湖第一小学,101201.0,北京市平谷区金海湖镇韩庄北街179号,010-69995588,PRIMARY
北京市,平谷区,北京市平谷区第八小学,101200.0,北京市平谷区平谷镇中罗庄村南,010-69956392-8023,PRIMARY
北京市,平谷区,北京市平谷区黄松峪中心小学,101214.0,北京市平谷区黄松峪乡黄松峪东街275号,010-60971741,PRIMARY
北京市,平谷区,北京市平谷区第一小学,101200.0,北京市平谷区平谷镇建设西街3号,010-51322964,PRIMARY
北京市,平谷区,北京市平谷区马昌营中心小学,101214.0,北京市平谷区马昌营镇马昌营村南,010-61982905,PRIMARY
北京市,平谷区,北京市平谷区熊儿寨中心小学,101207.0,北京市平谷区熊儿寨乡熊儿寨村北大街163号,010-61961871,PRIMARY
北京市,平谷区,北京市平谷区镇罗营中心小学,101215.0,北京市平谷区镇罗营镇上营村东街163号,010-61969060,PRIMARY
北京市,平谷区,北京市平谷区第九小学,101200.0,北京市平谷区王辛庄镇小辛寨校园路2号,010-89982714,PRIMARY
北京市,平谷区,北京市平谷区第二小学,101200.0,北京市平谷区平谷镇园田街8号,010-69928290,PRIMARY
北京市,平谷区,北京市平谷区第五小学,101200.0,北京市平谷区平谷镇海关西园7号,010-69933027,PRIMARY
北京市,平谷区,北京市平谷区北杨桥中心小学,101205.0,北京市平谷区峪口镇北杨家桥中路42号,010-61911484,PRIMARY
北京市,平谷区,北京市平谷区山东庄小学,101211.0,北京市平谷区山东庄镇西大街173号,010-60937150,PRIMARY
北京市,平谷区,北京市平谷区金海湖第二小学,101202.0,北京市平谷区金海湖镇靠山集大街47号,010-60983254,PRIMARY
北京市,平谷区,北京市平谷区华山镇中南海爱心小学,101207.0,北京市平谷区大华山镇东辛撞村东辛路1号,010-61947964,PRIMARY
北京市,平谷区,北京市平谷区马坊镇第一学区中心小学,101204.0,北京市平谷区马坊镇二条北街7号,010-60995845,PRIMARY
北京市,平谷区,北京市平谷区马坊镇第一学区早立庄小学,101204.0,北京市平谷区马坊镇早立庄村北大街7号,010-60995017,PRIMARY
北京市,平谷区,北京市平谷区东店小学,101204.0,北京市平谷区马坊镇东店村北大街7号,010-60996511,PRIMARY
北京市,平谷区,北京市平谷区峨嵋山小学,101212.0,北京市平谷区南独乐河镇峨嵋山村,010-60961934,PRIMARY
北京市,平谷区,北京市平谷区望马台小学,101212.0,北京市平谷区南独乐河镇望马台东路231号,010-60929788,PRIMARY
北京市,平谷区,北京市平谷区放光小学,101209.0,北京市平谷区王辛庄镇放光东路3号,010-89956604,PRIMARY
北京市,平谷区,北京市平谷区北辛庄小学,101209.0,北京市平谷区王辛庄镇北辛庄村北辛庄东路35号,010-61922272,PRIMARY
北京市,平谷区,北京市平谷区峪口镇中桥小学,101206.0,北京市平谷区峪口镇中桥村兴桥路6号,010-61900253,PRIMARY
北京市,平谷区,北京市平谷区峪口镇东樊各庄小学,101206.0,北京市平谷区峪口镇东樊各庄村校园路29号,010-61900387,PRIMARY
北京市,平谷区,北京市平谷区安固小学,101213.0,北京市平谷区夏各庄镇安固村后街127号,010-60913837,PRIMARY
北京市,平谷区,北京市平谷区城关第四小学,101200.0,北京市平谷区平谷镇新平东路保安街57号,010-69962203,PRIMARY
北京市,平谷区,北京市平谷区王各庄小学,101214.0,北京市平谷区马昌营镇王各庄村,010-60909361,PRIMARY
北京市,平谷区,北京市平谷区上营小学,101200.0,北京市平谷区王辛庄镇北上营西路2号,010-69919838,PRIMARY
北京市,平谷区,北京市平谷区大兴庄镇三府庄小学,101205.0,北京市平谷区大兴庄镇三府庄村顺福街5号,010-89931514,PRIMARY
北京市,平谷区,北京市平谷区大官庄小学,101205.0,北京市平谷区峪口镇大官庄中路58号,010-61983483,PRIMARY
北京市,平谷区,北京市平谷区西沥津高级小学,101211.0,北京市平谷区山东庄镇西沥津村东大街1号,010-60937565,PRIMARY
北京市,平谷区,北京市平谷区果各庄小学,101204.0,北京市平谷区马坊镇果各庄大街48号,010-60996210,PRIMARY
北京市,平谷区,北京市平谷区英城小学,101204.0,北京市平谷区马坊镇英城村英城大街15号,010-60995289,PRIMARY
北京市,平谷区,北京市平谷区第八中学,101205.0,北京市平谷区大兴庄镇大兴庄村南顺兴路2号,010-69956369,PRIMARY
北京市,平谷区,北京市平谷区大旺务小学,101200.0,北京市平谷区东高村镇大旺务村前街220号,010-69902615,PRIMARY
北京市,平谷区,北京市平谷区东高村中心小学,101200.0,北京市平谷区东高村镇军民共建街11号,010-69900912,PRIMARY
北京市,平谷区,北京市平谷区大华山镇后北宫小学,101207.0,北京市平谷区大华山镇后北宫村后北宫北街115号,010-61947964,PRIMARY
北京市,平谷区,北京市平谷区华山镇大华山中心小学,101207.0,北京市平谷区大华山镇华山大街122号,010-61947964,PRIMARY
北京市,平谷区,北京市平谷区峰台小学,101212.0,北京市平谷区南独乐河镇峰台村南街57号,010-60928211,PRIMARY
北京市,平谷区,北京市平谷区大兴庄镇周村小学,101205.0,北京市平谷区大兴庄镇周村东路59号,010-60955998,PRIMARY
北京市,平谷区,北京市平谷区门楼中心小学,101203.0,北京市平谷区东高村镇北张岱中路94号,010-60951719,PRIMARY
北京市,平谷区,北京市平谷区东双营小学,101214.0,北京市平谷区马昌营镇东双营村,010-61919068,PRIMARY
北京市,平谷区,北京市平谷区赵家务小学,101200.0,北京市平谷区东高村镇赵家务村北大街2号,010-69908505,PRIMARY
北京市,平谷区,北京市平谷区王子岛实验小学,101205.0,北京市平谷区马昌营镇南定福村东,010-61985866,PRIMARY
北京市,密云县,密云县溪翁庄镇中心小学,101512.0,北京市密云县溪翁庄镇溪翁庄村,010-69012485,PRIMARY
北京市,密云县,密云县西田各庄镇中心小学,101509.0,北京市密云县西田各庄镇西田各庄村,010-61018065,PRIMARY
北京市,密云县,密云县西田各庄镇卸甲山小学,101509.0,北京市密云县西田各庄镇卸甲山村,010-61009762,PRIMARY
北京市,密云县,密云县西田各庄镇疃里小学,101509.0,北京市密云县西田各庄镇疃里村,010-61019629,PRIMARY
北京市,密云县,密云县第二小学,101500.0,北京市密云县二街11号,010-69043689,PRIMARY
北京市,密云县,密云县第四小学,101500.0,北京市密云县环新北路1号,010-69044908,PRIMARY
北京市,密云县,密云县第五小学（民族小学）,101500.0,北京市密云县南更大街143号,010-69050882,PRIMARY
北京市,密云县,密云县第六小学,101500.0,北京市密云县兴云路25号,010-89095585,PRIMARY
北京市,密云县,密云县第一小学,101500.0,北京市密云县育才路2号,010-69021607,PRIMARY
北京市,密云县,密云县第三小学,101500.0,北京市密云县康复路3号,010-69045357,PRIMARY
北京市,密云县,密云县果园小学,101500.0,北京市密云县果园路5号,010-69043401,PRIMARY
北京市,密云县,密云县季庄小学,101500.0,北京市密云县果园西路16号,010-69097819,PRIMARY
北京市,密云县,密云县密云镇中心小学,101500.0,北京市密云县密云镇唐庄村,010-69070613,PRIMARY
北京市,密云县,密云县南菜园小学,101500.0,北京市密云县檀州家园东区,010-89039395,PRIMARY
北京市,密云县,密云县河南寨镇中心小学,101500.0,北京市密云县河南寨镇河南寨村,010-61086592,PRIMARY
北京市,密云县,密云县巨各庄镇中心小学,101501.0,北京市密云县巨各庄镇水峪村,010-61032045,PRIMARY
北京市,密云县,密云县穆家峪镇中心小学,101500.0,北京市密云县穆家峪镇羊山村,010-61051942,PRIMARY
北京市,密云县,密云县穆家峪镇新农村小学,101500.0,北京市密云县穆家峪镇新农村村,010-89012904,PRIMARY
北京市,密云县,密云县太师屯镇中心小学,101504.0,北京市密云县太师屯镇中心街3号,010-69033497,PRIMARY
北京市,密云县,密云县高岭镇中心小学,101507.0,北京市密云县高岭镇高岭村,010-81081265,PRIMARY
北京市,密云县,密云县不老屯镇中心小学,101516.0,北京市密云县不老屯镇不老屯村,010-81091544,PRIMARY
北京市,密云县,密云县冯家峪镇中心小学,101515.0,北京市密云县冯家峪镇冯家峪村,010-81060148,PRIMARY
北京市,密云县,密云县古北口镇中心小学,101508.0,北京市密云县古北口镇河西村,010-81051400,PRIMARY
北京市,密云县,密云县东邵渠镇中心小学,101501.0,北京市密云县东邵渠镇东邵渠村,010-61061524,PRIMARY
北京市,密云县,密云县北庄镇中心小学,101503.0,北京市密云县北庄镇北庄村,010-81001381,PRIMARY
北京市,密云县,密云县新城子中心小学,101506.0,北京市密云县新城子镇新城子村,010-81021519,PRIMARY
北京市,密云县,密云县石城镇中心小学,101513.0,北京市密云县石城镇南石城村,010-61025169,PRIMARY
北京市,密云县,密云县檀营中心小学,101500.0,北京市密云县檀营乡檀营村,010-69091034,PRIMARY
北京市,密云县,密云县溪翁庄镇东智小学,101500.0,北京市密云县溪翁庄镇东智北村,010-89031010,PRIMARY
北京市,密云县,密云县西田各庄镇太子务小学,101509.0,北京市密云县西田各庄镇太子务村,010-61019309,PRIMARY
北京市,密云县,密云县十里堡镇中心小学,101500.0,北京市密云县十里堡镇庄禾屯村,010-89023542,PRIMARY
北京市,密云县,密云县十里堡镇水杨红小学,101500.0,北京市密云县十里堡镇杨辛庄村,010-61027886,PRIMARY
北京市,密云县,密云县河南寨镇提辖庄小学,101500.0,北京市密云县河南寨镇提辖庄村,010-89091713,PRIMARY
北京市,密云县,密云县河南寨镇台上小学,101500.0,北京市密云县河南寨镇下屯村,010-61086097,PRIMARY
北京市,密云县,密云县巨各庄镇东白岩小学,101501.0,北京市密云县巨各庄镇东白岩村,010-89011482,PRIMARY
北京市,密云县,密云县穆家峪镇后栗园小学,101500.0,北京市密云县穆家峪镇后栗园村,010-89011795,PRIMARY
北京市,密云县,密云县太师屯镇桑园小学,101504.0,北京市密云县太师屯镇桑园村,010-81061034,PRIMARY
北京市,密云县,密云县太师屯镇东庄禾小学,101505.0,北京市密云县太师屯镇东庄禾村,010-69034344,PRIMARY
北京市,密云县,密云县高岭镇上甸子小学,101507.0,北京市密云县高岭镇上甸子村,010-81088521,PRIMARY
北京市,密云县,密云县大城子中心小学,101502.0,北京市密云县大城子镇蔡家峪1号,010-61071754,PRIMARY
北京市,大兴区,北京小学翡翠城分校,102600.0,北京市大兴区翡翠苑小区,010-58370701,PRIMARY
北京市,大兴区,北京市大兴区体育运动学校,102600.0,北京市大兴区黄村镇兴丰大街69号,010-69250080,PRIMARY
北京市,大兴区,北京市大兴区兴海学校,100162.0,北京市大兴区西红门镇三村,010-60243685,PRIMARY
北京市,大兴区,北京市大兴区第四小学,102600.0,北京市大兴区黄村镇车站南里20号,010-61212448,PRIMARY
北京市,大兴区,北京市大兴区黄村镇义和庄小学,102612.0,北京市大兴区黄村镇西芦村,010-61212864,PRIMARY
北京市,大兴区,北京市大兴区黄村镇高米店完全小学,102600.0,北京市大兴区黄村镇西芦村,010-61232192,PRIMARY
北京市,大兴区,北京市大兴区黄村镇大庄完全小学,102612.0,北京市大兴区黄村镇西芦村（原芦城中学校内）,010-61258975,PRIMARY
北京市,大兴区,北京市大兴区黄村镇小营小学,102600.0,北京市大兴区芦城乡建业学校南侧,010-61233375,PRIMARY
北京市,大兴区,北京市大兴区黄村镇天堂河完全小学,102609.0,北京市大兴区黄村镇天利路3号,010-60270919,PRIMARY
北京市,大兴区,北京市大兴区黄村镇观音寺完全小学,102621.0,北京市大兴区黄村镇观音寺小区,010-69231279,PRIMARY
北京市,大兴区,北京市大兴区黄村镇第一中心小学,102600.0,北京市大兴区黄村镇金华寺东路3号,010-69262863,PRIMARY
北京市,大兴区,北京市大兴区旧宫镇第二中心小学,100076.0,北京市大兴区旧宫镇德茂庄德义街1号,010-67942918,PRIMARY
北京市,大兴区,北京市大兴区第二小学,102600.0,北京市大兴区黄村西大街96号,010-69200341,PRIMARY
北京市,大兴区,北京市大兴区采育镇第一中心小学,102606.0,北京市大兴区采育镇西二村,010-80271213,PRIMARY
北京市,大兴区,北京市大兴区第六小学,102600.0,北京市大兴区黄村镇富强东里,010-69243993-8110,PRIMARY
北京市,大兴区,北京市大兴区北臧村镇中心小学,102609.0,北京市大兴区北臧村镇北臧村,010-60276134,PRIMARY
北京市,大兴区,北京市大兴区礼贤镇第二中心小学,102602.0,北京市大兴区礼贤镇辛英街4号,010-89221915,PRIMARY
北京市,大兴区,北京师范大学大兴附属小学,102600.0,北京市大兴区黄村镇香园路香海园小区内,010-60232365,PRIMARY
北京市,大兴区,北京市大兴区第八小学,102600.0,北京市大兴区黄村红楼西巷11号,010-69252212,PRIMARY
北京市,大兴区,北京市大兴区庞各庄镇第一中心小学,102601.0,北京市大兴区庞各庄镇幸福村北,010-89282155,PRIMARY
北京市,大兴区,北京市大兴区第五小学,102600.0,北京市大兴区兴政西里商场南巷,010-69243090,PRIMARY
北京市,大兴区,北京市大兴区礼贤镇第一中心小学,102604.0,北京市大兴区礼贤镇礼贤二村,010-89275373,PRIMARY
北京市,大兴区,北京市大兴区枣园小学,102600.0,北京市大兴区枣园小区内,010-69260298,PRIMARY
北京市,大兴区,北京市大兴区第三小学,102600.0,北京市大兴区兴丰大街三段76号,010-69254585,PRIMARY
北京市,大兴区,北京市大兴区亦庄镇第一中心小学,100176.0,北京市大兴区亦庄镇贵园北路6号,010-67884238,PRIMARY
北京市,大兴区,北京市大兴区安定镇东白塔民族小学,102607.0,北京市大兴区安定镇东白塔村,010-80231764,PRIMARY
北京市,大兴区,北京市大兴区安定镇中心小学,102607.0,北京市大兴区安定镇政府东侧,010-80231472,PRIMARY
北京市,大兴区,北京市大兴区第十小学,102612.0,北京市大兴区黄村镇西芦村南,010-61239436,PRIMARY
北京市,大兴区,北京市大兴区第一小学,102622.0,北京市大兴区兴华中路三段三号,010-69246005,PRIMARY
北京市,大兴区,北京市大兴区亦庄镇第二中心小学,100176.0,北京市大兴区亦庄镇博兴八路东侧,010-67834585,PRIMARY
北京市,大兴区,北京市大兴区青云店镇第一中心小学,102605.0,北京市大兴区青云店镇二村一,010-80281021,PRIMARY
北京市,大兴区,北京市大兴区魏善庄镇第二中心小学,102611.0,北京市大兴区魏善庄镇政府西1500米路北,010-89231346,PRIMARY
北京市,大兴区,北京市大兴区魏善庄镇第一中心小学,102611.0,北京市大兴区魏善庄镇魏善庄村西,010-89201757,PRIMARY
北京市,大兴区,北京市大兴区黄村镇第二中心小学,102613.0,北京市大兴区黄村镇狼垡二村,010-61222208,PRIMARY
北京市,大兴区,北京市大兴区榆垡镇第一中心小学,102602.0,北京市大兴区榆垡镇榆祥路,010-89217862,PRIMARY
北京市,大兴区,北京市大兴区团河小学,102614.0,北京市大兴区团河苑小区内,010-61299583,PRIMARY
北京市,大兴区,北京市大兴区旧宫镇第一中心小学,100076.0,北京市大兴区旧宫镇隆盛路旧宫第一中心小学,010-87913397,PRIMARY
北京市,大兴区,北京市大兴区庞各庄镇第二中心小学,102601.0,北京市大兴区庞各庄镇定福庄村,010-89251248,PRIMARY
北京市,大兴区,北京市大兴区庞各庄镇第二中心小学赵村完小,102601.0,北京市大兴区庞各庄镇赵村,010-89259800,PRIMARY
北京市,大兴区,北京市大兴区长子营镇第二中心小学,102605.0,北京市大兴区长子营镇朱庄大队西口,010-80219344,PRIMARY
北京市,大兴区,北京小学大兴分校,102600.0,北京市大兴区兴业路北京小学大兴分校,010-69200512,PRIMARY
北京市,大兴区,北京市大兴区第七小学,102600.0,北京市大兴区富强西里小区富华巷9号,010-69242373,PRIMARY
北京市,大兴区,北京市大兴区西红门镇金海学校新建小学,100076.0,北京市大兴区西红门镇新建小学,010-81285294,PRIMARY
北京市,大兴区,北京经济技术开发区实验学校,100176.0,北京经济技术开发区天宝北街甲2号,010-67872277,PRIMARY
北京市,大兴区,北京市大兴区黄村镇狼各庄民族小学,102609.0,北京市大兴区黄村镇狼各庄西村,010-60275725,PRIMARY
北京市,大兴区,北京市大兴区北臧村镇马村小学,102609.0,北京市大兴区北臧村镇马村,010-61259546,PRIMARY
北京市,大兴区,北京市大兴区北臧村镇诸营小学,102609.0,北京市大兴区北臧村镇诸营村,010-60271152,PRIMARY
北京市,大兴区,北京市大兴区北臧村镇皮各庄小学,102609.0,北京市大兴区北臧村镇皮各庄一大队,010-60276151,PRIMARY
北京市,大兴区,北京市大兴区礼贤镇第二中心小学东梁完小,102602.0,北京市大兴区礼贤镇东梁村东文巷6号,010-89221714,PRIMARY
北京市,大兴区,北京市大兴区礼贤镇第二中心小学杨各庄完小,102602.0,北京市大兴区礼贤镇前杨各庄街47号,010-89221147,PRIMARY
北京市,大兴区,北京市大兴区长子营镇第一中心小学,102615.0,北京市大兴区长子营镇沁水营村北,010-80265140,PRIMARY
北京市,大兴区,北京市大兴区采育镇第二中心小学,102616.0,北京市大兴区采育镇大皮营一村,010-80209734,PRIMARY
北京市,大兴区,北京市大兴区庞各庄镇庆国完全小学,102601.0,北京市大兴区庞各庄镇宋各庄村东,010-89288143,PRIMARY
北京市,大兴区,北京市大兴区庞各庄镇北顿垡完全小学,102601.0,北京市大兴区庞各庄镇北顿垡村,010-89288203,PRIMARY
北京市,大兴区,北京市大兴区庞各庄镇南顿垡完全小学,102601.0,北京市大兴区庞各庄镇南顿垡村,010-89228143,PRIMARY
北京市,大兴区,北京市大兴区礼贤镇孙营完小,102604.0,北京市大兴区礼贤镇孙营村,010-89273023,PRIMARY
北京市,大兴区,北京市大兴区礼贤镇西里河完全小学,102604.0,北京市大兴区礼贤镇西里河村,010-89272351,PRIMARY
北京市,大兴区,北京市大兴区黄村镇第三中心小学,102600.0,北京市大兴区黄村镇孙村开发区,010-61267247,PRIMARY
北京市,大兴区,北京市大兴区第九小学,102600.0,北京市大兴区清源西里小区,010-69241877,PRIMARY
北京市,大兴区,北京市大兴区亦庄镇三羊小学,100023.0,北京市大兴区亦庄镇小羊坊,010-87396468,PRIMARY
北京市,大兴区,北京市大兴区瀛海镇第二中心小学,100176.0,北京市大兴区瀛海镇瑞合2村,010-69286063,PRIMARY
北京市,大兴区,北京市大兴区瀛海镇四海小学,100176.0,北京市大兴区瀛海镇四海四村,010-69287317,PRIMARY
北京市,大兴区,北京市大兴区安定镇通州马坊完全小学,102607.0,北京市大兴区安定镇通州马坊村,010-80239592,PRIMARY
北京市,大兴区,北京市大兴区安定镇西芦各庄完全小学,102607.0,北京市大兴区安定镇西芦各庄村,010-89231042,PRIMARY
北京市,大兴区,北京市大兴区安定镇后安定完全小学,102607.0,北京市大兴区安定镇后安定村,010-80232194,PRIMARY
北京市,大兴区,北京市大兴区瀛海镇第一中心小学,100076.0,北京市大兴区瀛海镇西一村村南,010-69278013,PRIMARY
北京市,大兴区,北京市大兴区采育镇辛店小学,102606.0,北京市大兴区采育镇南辛店二村,010-80272634,PRIMARY
北京市,大兴区,北京市大兴区青云店镇小回城小学,102605.0,北京市大兴区青云店镇小回城小学,010-80221397,PRIMARY
北京市,大兴区,北京市大兴区魏善庄镇东研垡小学,102611.0,北京市大兴区魏善庄镇东研垡村中心,010-89231704,PRIMARY
北京市,大兴区,北京市大兴区青云店镇南红门完全小学,102605.0,北京市大兴区青云店镇南大红门村,010-80211572,PRIMARY
北京市,大兴区,北京市大兴区青云店镇第二中心小学,102605.0,北京市大兴区青云店镇垡上村,010-80213240,PRIMARY
北京市,大兴区,北京市大兴区魏善庄镇王各庄完全小学,102611.0,北京市大兴区魏善庄镇王各庄村,010-89243255,PRIMARY
北京市,大兴区,北京市大兴区魏善庄镇后大营完全小学,102611.0,北京市大兴区魏善庄镇后大营村,010-89202987,PRIMARY
北京市,大兴区,北京市大兴区采育镇张各庄小学,102608.0,北京市大兴区采育镇东半壁店村,010-80202790,PRIMARY
北京市,大兴区,北京市大兴区滨河小学,102600.0,北京市大兴区黄村镇滨河西里,010-69257992,PRIMARY
北京市,大兴区,北京市大兴区榆垡镇太子务小学,102602.0,北京市大兴区榆垡镇太子务村,010-89214713,PRIMARY
北京市,大兴区,北京市大兴区榆垡镇崔指挥营小学,102603.0,北京市大兴区榆垡镇崔指挥营村,010-89262096,PRIMARY
北京市,大兴区,北京市大兴区庞各庄镇第二中心小学梁家务完,102601.0,北京市大兴区庞各庄镇梁家务村,010-89251084,PRIMARY
北京市,大兴区,北京市大兴区庞各庄镇第二中心小学张公垡完,102601.0,北京市大兴区庞各庄镇张公垡村,010-89251074,PRIMARY
北京市,大兴区,北京市大兴区榆垡镇第二中心小学,102603.0,北京市大兴区榆垡镇南各庄村,010-89261274,PRIMARY
北京市,大兴区,北京市大兴区榆垡镇曹辛庄小学,102603.0,北京市大兴区榆垡镇曹辛庄村,010-89261024,PRIMARY
北京市,大兴区,北京市大兴区榆垡镇曹各庄小学,102603.0,北京市大兴区榆垡镇曹各庄村,010-89261513,PRIMARY
北京市,大兴区,北京市大兴区榆垡镇南张华小学,102603.0,北京市大兴区榆垡镇南张华村,010-89215647,PRIMARY
北京市,大兴区,北京市大兴区榆垡镇小店小学,102603.0,北京市大兴区榆垡镇小店村,010-89261183,PRIMARY
北京市,大兴区,北京市大兴区金海学校,100162.0,北京市大兴区西红门镇团河路金星庄金海学校,010-61288948,PRIMARY
北京市,大兴区,北京市大兴区西红门镇志远小学,100076.0,北京市大兴区西红门镇志远庄,010-61281825,PRIMARY
北京市,大兴区,北京市新世纪双语实验学校,102616.0,北京市大兴区黄村镇团和路新居里小区,010-61296418,PRIMARY
北京市,大兴区,北京市大兴区采育镇第二小学,102606.0,北京市大兴区采育镇南三村,010-80275296,PRIMARY
北京市,大兴区,北京市大兴区庞各庄镇薛营回民小学,102601.0,北京市大兴区庞各庄镇薛营村,010-89287749,PRIMARY
北京市,大兴区,北京市大兴区礼贤镇荆家务完全小学,102604.0,北京市大兴区礼贤镇荆家务村,010-89271313,PRIMARY
北京市,大兴区,北京市大兴区礼贤镇龙头完全小学,102604.0,北京市大兴区礼贤镇龙头村,010-89236098,PRIMARY
北京市,大兴区,北京市大兴区魏善庄镇第一中心小学西芦垡完,102611.0,北京市大兴区东芦垡村,010-89201441,PRIMARY
北京市,大兴区,北京市大兴区采育镇第三中心小学,102608.0,北京市大兴区采育镇凤河营村,010-80202845,PRIMARY
北京市,大兴区,北京市大兴区榆垡镇留士庄民族小学,102602.0,北京市大兴区榆垡镇留士庄村,010-89299712,PRIMARY
北京市,大兴区,北京市大兴区榆垡镇石垡小学,102602.0,北京市大兴区榆垡镇石垡村,010-89298652,PRIMARY
北京市,大兴区,北京市大兴区庞各庄镇留民庄小学,102601.0,北京市大兴区庞各庄镇留民庄村,010-89255544,PRIMARY
北京市,大兴区,北京市中芯学校,100176.0,北京经济技术开发区凉水河二街9号,010-67853030,PRIMARY
北京市,大兴区,北京市美亚学校,102601.0,北京市大兴区庞各庄镇宋各庄村,010-89287866,PRIMARY
北京市,东城区,北京市东城区和平里第三小学,100013.0,北京市东城区和平里兴化路9号,010-84289706,PRIMARY
北京市,东城区,北京市东城区和平里第二小学,100013.0,北京市东城区和平里民旺南胡同20号,010-64211804,PRIMARY
北京市,东城区,北京市东城区曙光小学,100027.0,北京市东城区铜厂子胡同8号,010-64169554,PRIMARY
北京市,东城区,北京市崇文区体育馆路小学,100061.0,北京市东城区法华南里21号,010-67131514,PRIMARY
北京市,东城区,北京市崇文区新怡小学,100062.0,北京市东城区新怡家园9号,010-67085976,PRIMARY
北京市,东城区,北京市东城区北新桥小学,100028.0,北京市东城区东直门北大街乙2号,010-64675636,PRIMARY
北京市,东城区,北京市崇文区回民小学,100062.0,北京市东城区东花市大街99号,010-67122965,PRIMARY
北京市,东城区,北京市和平北路学校,100011.0,北京市东城区安定门外大街168号,010-64200141,PRIMARY
北京市,东城区,北京市第一中学,100009.0,北京市东城区宝钞胡同甲12号,010-64043280,PRIMARY
北京市,东城区,北京景山学校,100006.0,北京市东城区灯市口大街53号,010-65252555,PRIMARY
北京市,东城区,北京市东城区地坛小学,100013.0,北京市东城区和平里九区甲2号,010-64254434,PRIMARY
北京市,东城区,北京市东城区安外三条小学,100011.0,北京市东城区安外上龙北巷3号,010-84132605,PRIMARY
北京市,东城区,北京市东城区师范学校附属小学,100011.0,北京市东城区安定门外东河沿乙7号,010-64263926,PRIMARY
北京市,东城区,北京市东城区北锣鼓巷小学,100009.0,北京市东城区安定门内千福巷5号,010-64072883,PRIMARY
北京市,东城区,北京市东城区和平里第一小学,100013.0,北京市东城区和平里中街甲21号,010-84216918,PRIMARY
北京市,东城区,北京市东城区和平里第九小学,100013.0,北京市东城区和平里七区20号楼,010-64213889,PRIMARY
北京市,东城区,北京市东城区青年湖小学,100011.0,北京市东城区安德里北街20号,010-84116716,PRIMARY
北京市,东城区,北京市东城区和平里第四小学,100013.0,北京市东城区和平里交林夹道1号,010-64211026,PRIMARY
北京市,东城区,北京市东城区分司厅小学,100009.0,北京市东城区鼓楼东大街小经厂胡同2号,010-64041261,PRIMARY
北京市,东城区,北京市东城区黑芝麻胡同小学,100009.0,北京市东城区黑芝麻胡同11号,010-64045815,PRIMARY
北京市,东城区,北京市东城区史家小学分校,100007.0,北京市东城区北门仓胡同1号,010-84070081,PRIMARY
北京市,东城区,北京市东城区西中街小学,100027.0,北京市东城区东直门外十字坡东里10号楼,010-64172386,PRIMARY
北京市,东城区,中央工艺美院附中艺美小学,100027.0,北京市东城区东直门外胡家园20号,010-64677028,PRIMARY
北京市,东城区,北京市东城区雍和宫小学,100007.0,北京市东城区藏经馆胡同27号,010-64045703,PRIMARY
北京市,东城区,北京市东城区东高房小学,100009.0,北京市东城区沙滩北街东高房胡同13号,010-64032310,PRIMARY
北京市,东城区,北京市东城区东交民巷小学,100005.0,北京市东城区台基厂大街14号,010-85113399,PRIMARY
北京市,东城区,北京市东城区方家胡同小学,100007.0,北京市东城区方家胡同17号,010-64014841,PRIMARY
北京市,东城区,北京市东城区帽儿胡同小学,100009.0,北京市东城区帽儿胡同17号,010-64067114,PRIMARY
北京市,东城区,北京市东城区织染局小学,100009.0,北京市东城区水簸箕胡同甲5号,010-64032065,PRIMARY
北京市,东城区,北京市东城区东四十四条小学,100007.0,北京市东城区东四十四条100号,010-64031726,PRIMARY
北京市,东城区,北京市东城区北池子小学,100006.0,北京市东城区北池子大街46号,010-65251287,PRIMARY
北京市,东城区,北京市东城区灯市口小学,100010.0,北京市东城区灯市口北巷14号,010-65250582,PRIMARY
北京市,东城区,北京市东城区东四九条小学,100007.0,北京市东城区东四九条67号,010-64043778,PRIMARY
北京市,东城区,北京市东城区丁香胡同小学,100005.0,北京市东城区丁香胡同7号,010-65120802,PRIMARY
北京市,东城区,北京市东城区回民小学,100010.0,北京市东城区朝阳门内大街124号,010-85110074,PRIMARY
北京市,东城区,北京市东城区史家胡同小学,100010.0,北京市东城区朝阳门内北小街南弓匠营胡同2号,010-84077055,PRIMARY
北京市,东城区,北京市东城区遂安伯小学,100005.0,北京市东城区金宝街65号,010-65252953,PRIMARY
北京市,东城区,北京市东城区新开路东总布小学,100005.0,北京市东城区新开路胡同55号,010-65127992,PRIMARY
北京市,东城区,北京市东城区新鲜胡同小学,100010.0,北京市东城区新鲜胡同36号,010-65279841,PRIMARY
北京市,东城区,北京市东城区西总布小学,100005.0,北京市东城区西总布胡同19号,010-65231053,PRIMARY
北京市,东城区,北京市东城区春江小学,100010.0,北京市东城区南水关胡同60号,010-65252712,PRIMARY
北京市,东城区,北京市东城区校尉胡同小学,100005.0,北京市东城区校尉胡同8号,010-65252652,PRIMARY
北京市,东城区,北京市东城区府学胡同小学,100007.0,北京市东城区府学胡同65号,010-64045995,PRIMARY
北京市,东城区,北京市东城区美术馆后街小学,100010.0,北京市东城区美术馆后街57号,010-64043310,PRIMARY
北京市,东城区,北京市东城区什锦花园小学,100010.0,北京市东城区美术馆后街48号,010-64042123,PRIMARY
北京市,东城区,北京市东城区东四七条小学,100007.0,北京市东城区东四七条31号,010-64043873,PRIMARY
北京市,东城区,北京市崇文区新景小学,100062.0,北京市东城区西花市南里西区7号楼,010-87186763,PRIMARY
北京市,东城区,北京市崇文区培新小学,100061.0,北京市东城区幸福巷4号,010-67111890,PRIMARY
北京市,东城区,北京市崇文区永生小学,100061.0,北京市东城区永生巷6号旁门,010-67120198,PRIMARY
北京市,东城区,北京市崇文区板厂小学,100061.0,北京市东城区板厂南里7号,010-67189481,PRIMARY
北京市,东城区,北京市崇文区花市小学,100062.0,北京市东城区东花市北里西区1号,010-67182946,PRIMARY
北京市,东城区,北京市崇文区崇文小学,100062.0,北京市东城区花市枣苑12号,010-67171077,PRIMARY
北京市,东城区,北京市崇文区光明小学,100061.0,北京市东城区光明路甲12号,010-67123839,PRIMARY
北京市,东城区,北京市崇文区景泰小学,100075.0,北京市东城区永外杨家园路10号,010-67225789,PRIMARY
北京市,东城区,北京市崇文区金台小学,100062.0,北京市东城区东晓市街203号,010-67011700,PRIMARY
北京市,东城区,北京市崇文区革新里小学,100077.0,北京市东城区永外街道管村5号,010-67222093,PRIMARY
北京市,东城区,北京市崇文区忠实里小学,100022.0,北京市东城区广渠门外忠实里南街乙58号,010-67745927,PRIMARY
北京市,东城区,北京市崇文区定安里小学,100075.0,北京市东城区定安里26号,010-67212203,PRIMARY
北京市,东城区,北京市崇文区天坛南里小学,100050.0,北京市东城区天坛南里西区16号,010-67061656,PRIMARY
北京市,东城区,北京市崇文区精忠街小学,100050.0,北京市东城区精忠街11号,010-67021505,PRIMARY
北京市,东城区,北京第一师范学校附属小学,100075.0,北京市东城区永外安乐林路17号,010-67611542,PRIMARY
北京市,东城区,北京市崇文区前门小学,100051.0,北京市东城区西河沿甲211号,010-67016684,PRIMARY
北京市,东城区,北京市崇文区宝华里小学,100075.0,北京市东城区沙子口路63号,010-67221380,PRIMARY
北京市,东城区,北京市崇文区天坛东里小学,100061.0,北京市东城区天坛东里内8号,010-67057864,PRIMARY
北京市,东城区,北京市第一一五中学,100061.0,北京市东城区天坛东路13号,010-67027366,PRIMARY
北京市,东城区,北京市崇文区红桥小学,100062.0,北京市东城区东马尾帽胡同22号,010-67132360,PRIMARY
北京市,东城区,北京市崇文区法华寺街小学,100061.0,北京市东城区葱店西街56号,010-67142895,PRIMARY
北京市,西城区,北京市西城区西单小学,100032.0,北京市西城区中京畿道1号,010-66071253,PRIMARY
北京市,西城区,北京小学走读部,100053.0,北京市西城区北线阁2号,010-58370306,PRIMARY
北京市,西城区,北京第一实验小学前门分校,100051.0,北京市西城区和平门外东街甲5号,010-63179191,PRIMARY
北京市,西城区,北京市西城区裕中小学,100029.0,北京市西城区裕中西里29号楼,010-62382998,PRIMARY
北京市,西城区,北京市西城区民族团结小学,100011.0,北京市西城区德外大街安德路142号,010-82077250,PRIMARY
北京市,西城区,北京市宣武区回民小学,100052.0,北京市西城区牛街西里一区5号,010-63536559,PRIMARY
北京市,西城区,北京市育才学校,100050.0,北京市西城区东经路21号,010-83102481,PRIMARY
北京市,西城区,北京市西城区顺城街第一小学,100031.0,北京市西城区前门西大街135号,010-66016151,PRIMARY
北京市,西城区,北京市西城区西什库小学,100034.0,北京市西城区刘兰塑胡同14号,010-66177182,PRIMARY
北京市,西城区,北京市西城区北长街小学,100031.0,北京市西城区北长街71号,010-66023618,PRIMARY
北京市,西城区,北京市西城区力学小学,100031.0,北京市西城区力学胡同47号,010-66036949,PRIMARY
北京市,西城区,北京市西城区护国寺小学,100035.0,北京市西城区护国寺东巷7号,010-83282083,PRIMARY
北京市,西城区,北京市西城区黄城根小学,100034.0,北京市西城区西黄城根北街3号,010-66118588,PRIMARY
北京市,西城区,北京市西城区西四北四条小学,100034.0,北京市西城区西四北四条47号,010-66181672,PRIMARY
北京市,西城区,北京市西城区自忠小学,100032.0,北京市西城区府右街丙27号,010-66016459,PRIMARY
北京市,西城区,北京雷锋小学,100009.0,北京市西城区旧鼓楼大街西绦胡同甲2号,010-64043695,PRIMARY
北京市,西城区,北京市西城区中古友谊小学,100045.0,北京市西城区三里河一区39号,010-68577067,PRIMARY
北京市,西城区,北京市西城区什刹海小学,100009.0,北京市西城区恭俭胡同41号,010-64042613,PRIMARY
北京市,西城区,北京市西城区宏庙小学,100032.0,北京市西城区西单北大街宏庙胡同13号,010-66179839,PRIMARY
北京市,西城区,北京市西城区四根柏小学,100035.0,北京市西城区赵登禹路58号,010-66515403,PRIMARY
北京市,西城区,北京市西城区厂桥小学,100035.0,北京市西城区地安门西大街167号,010-83222708,PRIMARY
北京市,西城区,北京市西城区华嘉小学,100034.0,北京市西城区华嘉胡同19号,010-66022514,PRIMARY
北京市,西城区,北京市西城区官园小学,100034.0,北京市西城区官园胡同甲1号,010-66160668,PRIMARY
北京市,西城区,北京市西城区三里河第三小学,100045.0,北京市西城区三里河三区36号,010-68526079,PRIMARY
北京市,西城区,北京市西城区玉桃园小学,100035.0,北京市西城区西直门内大街玉桃园三区10号,010-62210242,PRIMARY
北京市,西城区,北京市西城区柳荫街小学,100009.0,北京市西城区西煤厂胡同7号,010-83283116,PRIMARY
北京市,西城区,北京市西城区阜成门外第一小学,100037.0,北京市西城区阜成门外大街甲10号,010-68017202,PRIMARY
北京市,西城区,北京市西城区涭水河小学,100031.0,北京市西城区涭水河胡同45号旁门,010-66036191,PRIMARY
北京市,西城区,北京市西城区奋斗小学,100031.0,北京市西城区闹市口大街月台胡同15号,010-66059379,PRIMARY
北京市,西城区,北京市西城区复兴门外第一小学,100045.0,北京市西城区复兴门外大街地藏庵23号,010-68033441,PRIMARY
北京市,西城区,北京市西城区新街口东街小学,100035.0,北京市西城区新街口东街5号,010-83282375,PRIMARY
北京市,西城区,北京市西城区青龙桥小学,100045.0,北京市西城区复兴门外真武庙四条六里71号,010-68010292,PRIMARY
北京市,西城区,北京第二实验小学,100031.0,北京市西城区新文化街111号,010-66014907,PRIMARY
北京市,西城区,北京市西城区白云路小学,100045.0,北京市西城区白云路2号,010-68053204,PRIMARY
北京市,西城区,北京市西城区师范学校附属小学,100120.0,北京市西城区六铺炕北小街3号,010-62024352,PRIMARY
北京市,西城区,北京市西城区北礼士路第一小学,100037.0,北京市西城区北礼士路133号,010-68369840,PRIMARY
北京市,西城区,北京市西城区中华路小学,100035.0,北京市西城区赵登禹路18号,010-66181702,PRIMARY
北京市,西城区,北京市西城区进步小学,100044.0,北京市西城区西外大街榆树馆胡同1号,010-68351670,PRIMARY
北京市,西城区,北京市西城区五路通小学,100120.0,北京市西城区德外什坊街甲6号,010-62018331,PRIMARY
北京市,西城区,北京市西城区文兴街小学,100044.0,北京市西城区文兴街4号,010-68311209,PRIMARY
北京市,西城区,北京市西城区鸦儿胡同小学,100009.0,北京市西城区鸦儿胡同25号,010-64040172,PRIMARY
北京市,西城区,北京市西城区育翔小学,100088.0,北京市西城区马甸南村乙14号,010-62053495,PRIMARY
北京市,西城区,北京市西城区德胜门外第二小学,100088.0,北京市西城区德胜门外八道湾胡同3号,010-62013204,PRIMARY
北京市,西城区,北京市西城区展览路第一小学,100037.0,北京市西城区百万庄中里7号,010-68312442,PRIMARY
北京市,西城区,北京市西城区长安小学,100031.0,北京市西城区东绒线胡同41号,010-66024767,PRIMARY
北京市,西城区,北京市西城区银河小学,100037.0,北京市西城区阜外北营房中街57号,010-68342045,PRIMARY
北京市,西城区,北京市西城区育民小学,100045.0,北京市西城区复兴门外大街真武庙头条8号,010-68013776,PRIMARY
北京市,西城区,北京市宣武区白纸坊小学,100053.0,北京市西城区白广路乙27号,010-63544969,PRIMARY
北京市,西城区,北京市宣武区半步桥小学,100054.0,北京市西城区白纸坊东街27号,010-63540229,PRIMARY
北京市,西城区,北京小学,100053.0,北京市西城区槐柏树街9号,010-58370202,PRIMARY
北京市,西城区,北京市宣武区椿树馆小学,100055.0,北京市西城区广外南街43号,010-63289074,PRIMARY
北京市,西城区,北京市宣武区福州馆小学,100052.0,北京市西城区福州馆街3号,010-63534948,PRIMARY
北京市,西城区,北京市宣武区红莲小学,100055.0,北京市西城区红莲中里14号,010-63483216,PRIMARY
北京市,西城区,北京市宣武区后孙公园小学,100052.0,北京市西城区后孙公园胡同3号,010-63047148,PRIMARY
北京市,西城区,北京市宣武区康乐里小学,100053.0,北京市西城区康乐里胡同2号,010-63032214,PRIMARY
北京市,西城区,北京市宣武区南菜园小学,100053.0,北京市西城区菜园街28号,010-63542857,PRIMARY
北京市,西城区,北京市宣武区三义里小学,100055.0,北京市西城区广外三义里4号,010-63365103,PRIMARY
北京市,西城区,北京第一实验小学,100052.0,北京市西城区南新华街17号,010-63037631,PRIMARY
北京市,西城区,北京市宣武区太平街小学,100050.0,北京市西城区太平街西巷6号,010-83534549,PRIMARY
北京市,西城区,北京市宣武区炭儿胡同小学,100051.0,北京市西城区炭儿胡同11号,010-63044156,PRIMARY
北京市,西城区,北京市宣武区天宁寺小学,100055.0,北京市西城区天宁寺前街35号,010-63272492,PRIMARY
北京市,西城区,北京市宣武区新世纪实验小学,100050.0,北京市西城区南纬路2号,010-63032072,PRIMARY
北京市,西城区,北京市宣武区师范学校附属第一小学,100054.0,北京市西城区右安门内大街26号,010-63521767,PRIMARY
北京市,西城区,北京市宣武区广安门外第一小学,100055.0,北京市西城区广安门外红居南街2号,010-63366418,PRIMARY
北京市,西城区,北京市宣武区琉璃厂小学,100052.0,北京市西城区琉璃巷3号,010-83151210,PRIMARY
北京市,西城区,北京市宣武区青年湖小学,100055.0,北京市西城区鸭子桥北里13号,010-63260885,PRIMARY
北京市,西城区,北京市宣武区上斜街小学,100053.0,北京市西城区上斜街37号,010-63035671,PRIMARY
北京市,西城区,北京市宣武区香厂路小学,100050.0,北京市西城区香厂路31号,010-83159438,PRIMARY
北京市,西城区,北京市宣武区师范学校附属第二小学,100053.0,北京市西城区登莱胡同29号,010-63548579,PRIMARY
北京市,西城区,北京市宣武区右安门大街第二小学,100054.0,北京市西城区右安门内大街67号,010-63522690,PRIMARY
北京市,西城区,北京市宣武区兴华小学,100050.0,北京市西城区天桥留学路114号,010-83151027,PRIMARY
北京市,西城区,北京市宣武区陶然亭小学,100054.0,北京市西城区龙泉胡同5号,010-63522049,PRIMARY
北京市,朝阳区,北京市朝阳区启明星双语学校,100012.0,北京市朝阳区顺白路2号（奶东工业区）,010-64337366,PRIMARY
北京市,朝阳区,北京市朝阳区罗马嘉园小学,100023.0,北京市朝阳区朝阳北路109号,010-58627467,PRIMARY
北京市,朝阳区,北京市朝阳区国美家园小学,100025.0,北京市朝阳区青年路一号院一号楼,010-52069378,PRIMARY
北京市,朝阳区,北京市朝阳区八里庄中心小学,100025.0,北京市朝阳区慈云寺北里117号,010-65577948,PRIMARY
北京市,朝阳区,北京市朝阳区芳草地国际学校富力分校,100121.0,北京市朝阳区鲁店北路30号,010-59643597,PRIMARY
北京市,朝阳区,北京市第九十四中学机场分校,100621.0,北京市朝阳区首都机场燕翔西里19号,010-64564797,PRIMARY
北京市,朝阳区,北京市润丰学校,100025.0,北京市朝阳区青年路西里6号院,010-85515988,PRIMARY
北京市,朝阳区,北京市望京实验学校,100102.0,北京市朝阳区望京西园三区313楼,010-64759576,PRIMARY
北京市,朝阳区,北京市朝阳区科学园小学,100101.0,北京市朝阳区科学园南里703楼,010-64864225,PRIMARY
北京市,朝阳区,北京市朝阳区西直河小学,100122.0,北京市朝阳区十八里店乡西直河村,010-67383841,PRIMARY
北京市,朝阳区,北京市民族学校,100024.0,北京市朝阳区常营民族家园12号,010-65481748,PRIMARY
北京市,朝阳区,北京市东方培新学校,100025.0,北京市朝阳区慈云寺甲1号,010-65021293,PRIMARY
北京市,朝阳区,首都师范大学附属实验学校,100102.0,北京市朝阳区望京花园西区133号,010-84715893,PRIMARY
北京市,朝阳区,北京市金盏中学,100018.0,北京市朝阳区金盏乡金盏大街1号,010-84334489,PRIMARY
北京市,朝阳区,北京市忠德学校,100024.0,北京市朝阳区东苇路9号,010-51397602,PRIMARY
北京市,朝阳区,北京市温榆河双语实验学校,100103.0,北京市朝阳区崔各庄乡崔各庄村北,010-64354193,PRIMARY
北京市,朝阳区,中国红十字基金会北京拔萃双语学校,100025.0,北京市朝阳区平房乡拔萃路1号,010-65496899,PRIMARY
北京市,朝阳区,北京市樱花园实验学校,100029.0,北京市朝阳区樱花园小区16#楼,010-64433820,PRIMARY
北京市,朝阳区,北京市朝阳区南中街民族小学,100020.0,北京市朝阳区朝外雅宝里1号,010-85622389,PRIMARY
北京市,朝阳区,北京市朝阳区瑞祥民族小学,100024.0,北京市朝阳区瑞祥小区17号楼,010-85707893,PRIMARY
北京市,朝阳区,北京市三里屯一中,100022.0,北京市朝阳区百子园20号,010-87766174,PRIMARY
北京市,朝阳区,北京市和平街第一中学,100013.0,北京市朝阳区和平街8区16楼,010-84291142,PRIMARY
北京市,朝阳区,北京市亚奥学校,100107.0,北京市朝阳区仰山路2号,010-84928248-2001,PRIMARY
北京市,朝阳区,北京市陈经纶中学,100020.0,北京市朝阳区朝外大街38号,010-85611621,PRIMARY
北京市,朝阳区,北京市东方德才学校,100026.0,北京市朝阳区水碓子北里9号院,010-85961302,PRIMARY
北京市,朝阳区,北京市日坛中学,100016.0,北京市朝阳区南十里居38号,010-64382945,PRIMARY
北京市,朝阳区,北京青年政治学院附属中学,100015.0,北京市朝阳区大山子西里10号,010-64372718,PRIMARY
北京市,朝阳区,北京市朝阳外国语学校,100101.0,北京市朝阳区慧忠里232号,010-64830871,PRIMARY
北京市,朝阳区,北京市朝阳区爱迪外国语学校,100018.0,北京市朝阳区楼梓庄路7号,010-84394590,PRIMARY
北京市,朝阳区,北京市朝阳区白家庄小学,100020.0,北京市朝阳区三里屯南路40号,010-65078869,PRIMARY
北京市,朝阳区,北京市朝阳区光华路小学,100020.0,北京市朝阳区建外光华路东里19号,010-65954680,PRIMARY
北京市,朝阳区,北京市朝阳区呼家楼中心小学,100026.0,北京市朝阳区呼家楼西里七巷12号,010-65022843,PRIMARY
北京市,朝阳区,北京市朝阳区日坛小学,100025.0,北京市朝阳区通惠家园惠生园20号楼,010-65584121,PRIMARY
北京市,朝阳区,北京市朝阳区团结湖第二小学,100026.0,北京市朝阳区团结湖中路南二条一号楼,010-85989121,PRIMARY
北京市,朝阳区,北京市朝阳区永安里小学,100022.0,北京市朝阳区永安里中街甲4号,010-65683293,PRIMARY
北京市,朝阳区,北京市朝阳区针织路小学,100026.0,北京市朝阳区金台西路2号院,010-65080840,PRIMARY
北京市,朝阳区,北京市朝阳区实验小学,100027.0,北京市朝阳区幸福一村四巷36号,010-64154368,PRIMARY
北京市,朝阳区,北京市朝阳区三里屯小学,100027.0,北京市朝阳区三里屯东街四号,010-64150873,PRIMARY
北京市,朝阳区,北京市朝阳区新源里第四小学,100027.0,北京市朝阳区三源里小区北小街5号,010-64600064,PRIMARY
北京市,朝阳区,北京市朝阳区新源西里小学,100027.0,北京市朝阳区新源西里中街17号,010-64673010,PRIMARY
北京市,朝阳区,北京市朝阳区黄胄艺术实验小学,100028.0,北京市朝阳区西坝河中里37号楼,010-64654119,PRIMARY
北京市,朝阳区,北京市朝阳区新源里小学,100027.0,北京市朝阳区新源里12号,010-84513397,PRIMARY
北京市,朝阳区,北京市朝阳区西坝河第三小学,100028.0,北京市朝阳区西坝河东里19号楼,010-64656574,PRIMARY
北京市,朝阳区,北京市朝阳区左家庄第二小学,100028.0,北京市朝阳区左家庄前街2号,010-64673197,PRIMARY
北京市,朝阳区,北京市朝阳区曙光里小学,100028.0,北京市朝阳区曙光里社区40号,010-64684864,PRIMARY
北京市,朝阳区,北京市朝阳区十八里店小学,100121.0,北京市朝阳区十八里店乡十八里店村885号,010-67472748,PRIMARY
北京市,朝阳区,北京市朝阳区龙爪树小学,100164.0,北京市朝阳区小红门乡龙爪树村834号,010-87690680,PRIMARY
北京市,朝阳区,北京市朝阳区小红门中心小学,100176.0,北京市朝阳区小红门乡小红门村130号,010-87605731,PRIMARY
北京市,朝阳区,北京市朝阳区牌坊小学,100176.0,北京市朝阳区小红门乡牌坊中街5号,010-87601810,PRIMARY
北京市,朝阳区,北京市朝阳区新升小学,100122.0,北京市朝阳区周庄嘉园东里甲28号,010-67330546,PRIMARY
北京市,朝阳区,北京市朝阳区张家店小学,100023.0,北京市朝阳区十八里店乡横街子村19号,010-87303606,PRIMARY
北京市,朝阳区,北京市朝阳区北苑小学,100012.0,北京市朝阳区来广营乡北苑村,010-84926470,PRIMARY
北京市,朝阳区,北京市朝阳区大山子第二小学,100015.0,北京市朝阳区酒仙桥路甲1号,010-64371451,PRIMARY
北京市,朝阳区,北京市朝阳区花家地第二小学,100102.0,北京市朝阳区花家地西里113号楼,010-64737106,PRIMARY
北京市,朝阳区,北京市朝阳区酒仙桥第二小学,100016.0,北京市朝阳区酒仙桥红霞路9号,010-64372893,PRIMARY
北京市,朝阳区,北京市朝阳区驼房营小学,100016.0,北京市朝阳区驼房营村210号,010-64372379,PRIMARY
北京市,朝阳区,北京市朝阳区望花路小学,100102.0,北京市朝阳区望花路东里7号,010-64715871,PRIMARY
北京市,朝阳区,北京市朝阳区望京新城南湖中园小学,100102.0,北京市朝阳区南湖中园2区239号,010-64706415,PRIMARY
北京市,朝阳区,北京市朝阳区定辛庄小学,100121.0,北京市朝阳区定辛庄村,010-85370377,PRIMARY
北京市,朝阳区,北京市朝阳区望欣园小学,100102.0,北京市朝阳区望京利泽西园210号,010-64785583,PRIMARY
北京市,朝阳区,北京市朝阳区高家园小学,100015.0,北京市朝阳区高家园小区112号,010-64384863,PRIMARY
北京市,朝阳区,北京市朝阳区花家地实验小学,100102.0,北京市朝阳区望京中环南路花家地小区18号楼,010-64736805,PRIMARY
北京市,朝阳区,北京市朝阳区石佛营小学,100025.0,北京市朝阳区石佛营东里125号,010-85812338,PRIMARY
北京市,朝阳区,北京市朝阳区甘露园小学,100025.0,北京市朝阳区甘露园南里一区18号楼,010-85786909,PRIMARY
北京市,朝阳区,北京市朝阳区枣营小学,100026.0,北京市朝阳区枣营北里12号楼,010-65032963,PRIMARY
北京市,朝阳区,北京市朝阳区大望路小学,100022.0,北京市朝阳区西大望路5号,010-65818823,PRIMARY
北京市,朝阳区,北京市朝阳区康静里小学,100018.0,北京市朝阳区东坝乡康静里小区东侧,010-65497720,PRIMARY
北京市,朝阳区,北京市朝阳区柏阳学校,100023.0,北京市朝阳区王四营乡白鹿司中街1号楼、3号楼,010-67207029,PRIMARY
北京市,朝阳区,北京市朝阳区黑庄户中心小学,100121.0,北京市朝阳区黑庄户乡政府大街1号,010-85384241,PRIMARY
北京市,朝阳区,北京市朝阳区双桥第二小学,100121.0,北京市朝阳区双桥中路,010-85395632,PRIMARY
北京市,朝阳区,北京市朝阳区孛罗营小学,100023.0,北京市朝阳区王四营乡孛罗营村194号,010-87393180,PRIMARY
北京市,朝阳区,北京市朝阳区王四营中心小学,100023.0,北京市朝阳区王四营观音景园201楼,010-51351008,PRIMARY
北京市,朝阳区,北京市朝阳区八里桥小学,100024.0,北京市朝阳区八里桥北,010-85700363,PRIMARY
北京市,朝阳区,北京市朝阳区京通小学,100024.0,北京市朝阳区管庄京通苑39号楼,010-65707902,PRIMARY
北京市,朝阳区,北京市朝阳区北花园小学,100024.0,北京市朝阳区高碑店乡北花园村,010-65762954,PRIMARY
北京市,朝阳区,北京市朝阳区大黄庄小学,100024.0,北京市朝阳区高碑店乡大黄庄2号,010-65761108,PRIMARY
北京市,朝阳区,北京市朝阳区定福庄第二小学,100024.0,北京市朝阳区定福庄南里2号,010-65454331,PRIMARY
北京市,朝阳区,北京市朝阳区定福庄第一小学,100024.0,北京市朝阳区三间房西村,010-65761188,PRIMARY
北京市,朝阳区,北京市朝阳区高碑店中心小学,100022.0,北京市朝阳区高碑店乡高西店甲1号,010-85761147,PRIMARY
北京市,朝阳区,北京市朝阳区管庄中心小学,100024.0,北京市朝阳区管庄东里55号,010-65753171,PRIMARY
北京市,朝阳区,北京市朝阳区定福庄第四小学,100024.0,北京市朝阳区定福庄北街,010-65749612,PRIMARY
北京市,朝阳区,北京市朝阳区兴隆小学,100123.0,北京市朝阳区兴隆家园31号楼,010-85756182,PRIMARY
北京市,朝阳区,北京朝阳外语小学,100029.0,北京市朝阳区北三环安外大街胜古家园7号楼,010-64446546,PRIMARY
北京市,朝阳区,北京师范大学朝阳附属小学,100192.0,北京市朝阳区林萃路倚林佳园26号楼,010-82723187,PRIMARY
北京市,朝阳区,北京市朝阳区垂杨柳中心小学,100124.0,北京市朝阳区百子湾西里112号,010-67760407,PRIMARY
北京市,朝阳区,北京市朝阳区垂杨柳第四小学,100124.0,北京市朝阳区百子湾西里430号,010-67717582,PRIMARY
北京市,朝阳区,北京市朝阳区和平小学,100022.0,北京市朝阳区垂杨柳南街13、14号,010-87771641,PRIMARY
北京市,朝阳区,北京市朝阳区劲松第一小学,100021.0,北京市朝阳区劲松一区124楼,010-67784949,PRIMARY
北京市,朝阳区,北京市朝阳区劲松第二小学,100021.0,北京市朝阳区劲松四区417楼,010-67715658,PRIMARY
北京市,朝阳区,北京市朝阳区劲松第三小学,100021.0,北京市朝阳区广渠门外东架松24号,010-67739784,PRIMARY
北京市,朝阳区,北京市朝阳区劲松第四小学,100021.0,北京市朝阳区劲松七区甲713楼,010-67784480,PRIMARY
北京市,朝阳区,北京市朝阳区沙板庄小学,100021.0,北京市朝阳区农光里1号,010-67312093,PRIMARY
北京市,朝阳区,北京市朝阳区垡头第二小学,100023.0,北京市朝阳区垡头西里三区9号楼,010-67362695,PRIMARY
北京市,朝阳区,北京市朝阳区南磨房中心小学,100021.0,北京市朝阳区松榆东里3号楼,010-67307277,PRIMARY
北京市,朝阳区,北京市朝阳区松榆里小学,100021.0,北京市朝阳区松榆里14号楼,010-67323212,PRIMARY
北京市,朝阳区,北京市朝阳区武圣庙小学,100021.0,北京市朝阳区松榆西里3号楼,010-67321545,PRIMARY
北京市,朝阳区,北京市朝阳区平乐园小学,100022.0,北京市朝阳区平乐园小区103号楼,010-67315049,PRIMARY
北京市,朝阳区,北京市朝阳区田华小学,100023.0,北京市朝阳区紫南家园,010-87351945,PRIMARY
北京市,朝阳区,北京市朝阳区长店小学,100018.0,北京市朝阳区金盏乡长店村,010-84330161,PRIMARY
北京市,朝阳区,北京市朝阳区平房小学,100025.0,北京市朝阳区平房乡平房村南街96号,010-85573217,PRIMARY
北京市,朝阳区,北京市朝阳区北马各庄小学,100024.0,北京市朝阳区金盏乡马各庄村,010-65418031,PRIMARY
北京市,朝阳区,北京市朝阳区东坝中心小学,100018.0,北京市朝阳区东坝乡娘娘庙街72号,010-84319870,PRIMARY
北京市,朝阳区,北京市朝阳区精诚实验小学,100013.0,北京市朝阳区和平街十三区,010-64299714,PRIMARY
北京市,朝阳区,北京师范大学奥林匹克花园实验小学,100018.0,北京市朝阳区东坝京奥家园288#,010-51079338,PRIMARY
北京市,朝阳区,北京市朝阳区苇沟小学,100015.0,北京市朝阳区孙河乡前苇沟村,010-84311933,PRIMARY
北京市,朝阳区,北京市朝阳区上辛堡小学,100103.0,北京市朝阳区孙河乡上辛堡村,010-84790276,PRIMARY
北京市,朝阳区,北京市朝阳区奶子房小学,100012.0,北京市朝阳区崔各庄乡奶子房西村,010-64320324,PRIMARY
北京市,朝阳区,北京市朝阳师范学校附属小学,100013.0,北京市朝阳区和平街11区17号楼,010-64227765,PRIMARY
北京市,朝阳区,北京市朝阳区金色摇篮全程实验小学,100012.0,北京市朝阳区慧忠北里119号,010-64808824,PRIMARY
北京市,朝阳区,北京市朝阳区安华里第一小学,100011.0,北京市朝阳区安华西里三区3号楼,010-64212313,PRIMARY
北京市,朝阳区,北京市朝阳区安慧里中心小学,100101.0,北京市朝阳区安慧里四区十二号楼,010-64916177,PRIMARY
北京市,朝阳区,北京市朝阳区华严里小学,100029.0,北京市朝阳区华严北里21号楼,010-82844498,PRIMARY
北京市,朝阳区,北京市朝阳区安贞里第一小学,100029.0,北京市朝阳区安贞里二区17楼,010-64416894,PRIMARY
北京市,朝阳区,北京市朝阳区南沙滩小学,100101.0,北京市朝阳区南沙滩33号,010-64879404,PRIMARY
北京市,朝阳区,北京市朝阳区安慧北里小学,100101.0,北京市朝阳区安慧北里安园9号,010-64971294,PRIMARY
北京市,朝阳区,北京市朝阳区安贞里第二小学,100029.0,北京市朝阳区安贞西里二区28号楼,010-64430189,PRIMARY
北京市,朝阳区,北京市朝阳区惠新里小学,100029.0,北京市朝阳区惠新里甲243号,010-64912144,PRIMARY
北京市,朝阳区,北京市朝阳区和平街中心小学,100013.0,北京市朝阳区和平街12区13号楼,010-84255005,PRIMARY
北京市,朝阳区,北京市朝阳区安苑北里小学,100029.0,北京市朝阳区安苑北里6号楼,010-64910139,PRIMARY
北京市,朝阳区,北京市朝阳区慧忠里小学,100101.0,北京市朝阳区慧忠里小区414号,010-64921679,PRIMARY
北京市,朝阳区,北京市朝阳区芍药居小学,100029.0,北京市朝阳区芍药居北里212号楼,010-84625825,PRIMARY
北京市,朝阳区,北京市朝阳区安慧北里第二小学,100101.0,北京市朝阳区安慧北里秀园18号,010-64944656,PRIMARY
北京市,朝阳区,北京国际艺术与科学学校,100026.0,北京市朝阳区麦子店正街53号,010-65911051,PRIMARY
北京市,朝阳区,北京市朝阳区芳草地国际学校,100020.0,北京市朝阳区日坛北路1号,010-85611740,PRIMARY
北京市,朝阳区,北京市朝阳区下三条中心小学,100020.0,北京市朝阳区朝外大街杨家胡同3号,010-65522165,PRIMARY
北京市,朝阳区,北京市朝阳区祁庄小学,100122.0,北京市朝阳区十八里店乡吕家营村西,010-87692550,PRIMARY
北京市,朝阳区,北京市朝阳区老君堂小学,100122.0,北京市朝阳区十八里店乡老君堂村,010-67384701,PRIMARY
北京市,朝阳区,北京市朝阳区小武基小学,100122.0,北京市朝阳区十八里店乡小武基村46号,010-67364288,PRIMARY
北京市,朝阳区,北京市朝阳区肖村小学,100176.0,北京市朝阳区小红门乡肖村后街15号,010-67622458,PRIMARY
北京市,朝阳区,北京市朝阳区将台路小学,100016.0,北京市朝阳区将台乡将台路,010-64371770,PRIMARY
北京市,朝阳区,北京市朝阳区望京南湖东园小学,100102.0,北京市朝阳区望京南湖东园109号楼,010-64710780,PRIMARY
北京市,朝阳区,北京市朝阳区酒仙桥中心小学,100016.0,北京市朝阳区酒仙桥路乙28号,010-64373914,PRIMARY
北京市,朝阳区,北京市朝阳区将台洼小学,100016.0,北京市朝阳区东风乡将台洼村,010-84301042,PRIMARY
北京市,朝阳区,北京市朝阳区康乐园小学,100123.0,北京市朝阳区康家园小区14号楼,010-85771042,PRIMARY
北京市,朝阳区,北京市朝阳区十里堡第一小学,100123.0,北京市朝阳区康家园小区14号楼,010-85775875,PRIMARY
北京市,朝阳区,北京市朝阳区育人学校,100025.0,北京市朝阳区八里庄北里114楼,010-85833007,PRIMARY
北京市,朝阳区,北京市朝阳区豆各庄中心小学,100121.0,北京市朝阳区豆各庄乡豆各庄村南,010-87392886,PRIMARY
北京市,朝阳区,北京市朝阳区于家围小学,100121.0,北京市朝阳区豆各庄乡石槽村西侧,010-85367186,PRIMARY
北京市,朝阳区,北京市朝阳区官庄小学,100023.0,北京市朝阳区王四营乡官庄村,010-67372863,PRIMARY
北京市,朝阳区,北京市朝阳区万子营民族小学,100121.0,北京市朝阳区黑庄户乡万子营村,010-85383370,PRIMARY
北京市,朝阳区,北京市朝阳区双桥第一小学,100121.0,北京市朝阳区双桥路4号,010-85360516,PRIMARY
北京市,朝阳区,北京市朝阳区半壁店小学,100023.0,北京市朝阳区广渠路东半壁店,010-87743386,PRIMARY
北京市,朝阳区,北京市朝阳区垡头小学,100023.0,北京市朝阳区垡头西里8号,010-67370080,PRIMARY
北京市,朝阳区,北京市朝阳区楼梓庄小学,100018.0,北京市朝阳区金盏乡楼梓庄,010-84316551,PRIMARY
北京市,朝阳区,北京市朝阳区北皋中心小学,100015.0,北京市朝阳区崔各庄乡马南里小区,010-64371370,PRIMARY
北京市,朝阳区,北京市朝阳区芳草地国际学校远洋小学,100025.0,北京市朝阳区八里庄西里78号,010-85865635,PRIMARY
北京市,朝阳区,北京市朝阳区芳草地国际学校世纪小学,100101.0,北京市朝阳区育慧东路3号,010-84611138,PRIMARY
北京市,朝阳区,北京市朝阳区慧忠北里第二小学,100012.0,北京市朝阳区慧忠北里409楼,010-64847865,PRIMARY
北京市,朝阳区,北京市朝阳区小关北里小学,100029.0,北京市朝阳区小关北里205楼,010-64919759,PRIMARY
北京市,朝阳区,北京市朝阳区水南庄小学,100022.0,北京市朝阳区百子湾路水南庄1号,010-67713074,PRIMARY
北京市,朝阳区,北京市朝阳区首都机场第二小学,100621.0,北京市朝阳区首都机场燕翔东里11号,010-64570855-8011,PRIMARY
北京市,朝阳区,北京市朝阳区团结湖小学,100026.0,北京市朝阳区团结湖北头条10号楼,010-65827071,PRIMARY
北京市,朝阳区,北京市第八十中学体育运动学校,100025.0,北京市朝阳区平房乡平房村1861号,010-85573746,PRIMARY
北京市,朝阳区,北京市华侨城黄冈中学,100023.0,北京市朝阳区金蝉欢乐园1号院甲1号,010-67383678,PRIMARY
北京市,朝阳区,北京市朝阳区黄杉木店小学,100025.0,北京市朝阳区黄杉木店一巷2号,010-65488532,PRIMARY
北京市,朝阳区,北京市朝阳区青苗国际双语学校,100016.0,北京市朝阳区东四环北路6号阳光上东二区,010-51307951,PRIMARY
北京市,朝阳区,北京市朝阳区星河实验小学,100025.0,北京市朝阳区朝阳北路四季星河路1号院,010-85560416,PRIMARY
北京市,石景山区,北京市石景山区黄庄学校,100040.0,北京市石景山区八宝山街道黄庄村43号,010-88681197,PRIMARY
北京市,石景山区,北京景山学校远洋分校,100040.0,北京市石景山区鲁谷东街22号,010-88690802,PRIMARY
北京市,石景山区,北京市京源学校小学部,100040.0,北京市石景山区京原路10号,010-68623031,PRIMARY
北京市,石景山区,北京市石景山区先锋小学,100041.0,北京市石景山区邵家坡1号,010-88722419,PRIMARY
北京市,石景山区,北京市石景山区爱乐实验小学,100043.0,北京市石景山区重聚中街,010-68656411,PRIMARY
北京市,石景山区,北京市石景山区金顶街第二小学,100041.0,北京市石景山区金顶街北路71号,010-88717111,PRIMARY
北京市,石景山区,北京市石景山区苹果园第二小学,100041.0,北京市石景山区苹果园一区甲10号,010-68872198,PRIMARY
北京市,石景山区,北京市石景山区炮厂小学,100042.0,北京市石景山区黑石头7312厂,010-88950092,PRIMARY
北京市,石景山区,北京市石景山区师范学校附属小学,100040.0,北京市石景山区永乐小区甲31号,010-68685415,PRIMARY
北京市,石景山区,北京市石景山区实验小学,100043.0,北京市石景山区八角北里39号院,010-68862278,PRIMARY
北京市,石景山区,北京市石景山区水泥厂小学,100041.0,北京市石景山区京源路68号,010-88806185,PRIMARY
北京市,石景山区,北京市石景山区八角北路小学,100043.0,北京市石景山区八角北路52号,010-68830747,PRIMARY
北京市,石景山区,北京市石景山区电厂路小学,100041.0,北京市石景山区高井路18号,010-88953963,PRIMARY
北京市,石景山区,北京市石景山区石景山第二小学,100041.0,北京市石景山区模式口东里五小区,010-88751011,PRIMARY
北京市,石景山区,北京市石景山区向阳小学,100043.0,北京市石景山区衙门口村大横街,010-68687838,PRIMARY
北京市,石景山区,北京市石景山区京原小学,100040.0,北京市石景山区鲁谷路66号,010-68637153,PRIMARY
北京市,石景山区,北京市石景山外语实验小学,100144.0,北京市石景山区首钢黄南苑小区,010-88996422,PRIMARY
北京市,石景山区,北京市石景山区第二实验小学,100049.0,北京市石景山区老山西街21号,010-88970161,PRIMARY
北京市,石景山区,北京市石景山区银河小学,100040.0,北京市石景山区六合园甲24号,010-68644930,PRIMARY
北京市,石景山区,北京市石景山区西黄村小学,100041.0,北京市石景山区八大处路102号,010-88932653,PRIMARY
北京市,石景山区,北京市石景山区五里坨小学,100042.0,北京市石景山区五里坨车站路7号,010-88904267,PRIMARY
北京市,石景山区,北京市石景山区石景山小学,100041.0,北京市石景山区模式口西里甲32号,010-88992808,PRIMARY
北京市,石景山区,北京市石景山区杨庄小学,100043.0,北京市石景山区杨庄小区,010-68813625,PRIMARY
北京市,石景山区,北京市石景山区六一小学,100144.0,北京市石景山区八大处路乙2号,010-88964512,PRIMARY
北京市,石景山区,北京市石景山区古城第二小学,100043.0,北京市石景山区古城南路,010-68872963,PRIMARY
北京市,石景山区,北京市石景山区金顶街第四小学,100041.0,北京市石景山区金顶街北路,010-88722510,PRIMARY
北京市,石景山区,北京市石景山区海特花园小学,100041.0,北京市石景山区海特花园小区,010-88798735,PRIMARY
北京市,石景山区,北京市石景山区麻峪小学,100041.0,北京市石景山区麻峪南街51号,010-88991876,PRIMARY
北京市,石景山区,北京市石景山区红旗小学,100042.0,北京市石景山区高井甲32号,010-88902251,PRIMARY
北京市,石景山区,北京市石景山区北辛安小学,100041.0,北京市石景山区北辛安南岔13号,010-68872398,PRIMARY
北京市,石景山区,北京市石景山区玉泉路小学,100049.0,北京市石景山区玉泉路西何家坟北,010-88233851,PRIMARY
北京市,石景山区,北京市石景山区广宁村小学,100041.0,北京市石景山区广宁村新立街151号,010-88993222-8000,PRIMARY
北京市,石景山区,北京市石景山区古城第六小学,100043.0,北京市石景山区古城南里,010-68875305,PRIMARY
北京市,石景山区,北京市石景山区华奥学校,100040.0,北京市石景山区永乐东小区,010-68664165,PRIMARY
北京市,石景山区,北京市石景山区台京学校,100043.0,北京市石景山区衙门口村西南后街,010-68663821,PRIMARY
北京市,石景山区,北京教育学院石景山分院附属小学,100043.0,北京市石景山区古城小街18号,010-68872083,PRIMARY
北京市,丰台区,北京市丰台区翠林小学,100069.0,北京市丰台区右安门外翠林小区三里4号楼,010-83401920,PRIMARY
北京市,丰台区,北京市丰台区晓月苑小学,100165.0,北京市丰台区卢沟桥晓月苑一里14号,010-83214614,PRIMARY
北京市,丰台区,北京小学丰台万年花城分校,100070.0,北京市丰台区万年花城万芳园2区4号楼,010-58370903,PRIMARY
北京市,丰台区,北京市丰台区长辛店第三中学,100072.0,北京市丰台区朱家坟一里44号,010-83885842,PRIMARY
北京市,丰台区,北京市丰台区王佐学校,100074.0,北京市丰台区王佐镇西王佐村25号,010-83314725,PRIMARY
北京市,丰台区,北京市第十二中学体育分校,100071.0,北京市丰台区文体路32号,010-63804652,PRIMARY
北京市,丰台区,北京市赵登禹学校,100067.0,北京市丰台区嘉园二里43号,010-67539155,PRIMARY
北京市,丰台区,北京市丰台区实验学校,100071.0,北京市丰台区程庄路90号,010-63833941,PRIMARY
北京市,丰台区,北京市丰台区和义学校,100076.0,北京市丰台区南苑北里三区12号楼,010-67983089,PRIMARY
北京市,丰台区,北京市大成学校,100141.0,北京市丰台区青塔小区C区,010-68671697,PRIMARY
北京市,丰台区,北大附属实验学校,100071.0,北京市丰台区明春苑小区,010-51180068,PRIMARY
北京市,丰台区,北京市丰台区芳古园小学,100078.0,北京市丰台区芳古园一区19号楼,010-67629801,PRIMARY
北京市,丰台区,北京市丰台区西罗园第五小学,100077.0,北京市丰台区西罗园三区16号楼,010-67223982,PRIMARY
北京市,丰台区,北京市丰台区六里桥小学,100055.0,北京市丰台区莲花池南里15号,010-63453505,PRIMARY
北京市,丰台区,北京市丰台区东罗园小学,100075.0,北京市丰台区马公庄5号楼,010-67269874,PRIMARY
北京市,丰台区,北京市丰台区时光小学,100079.0,北京市丰台区石榴园北里20号楼,010-67245135,PRIMARY
北京市,丰台区,北京市丰台区东高地第四小学,100076.0,北京市丰台区东高地万源南路2号,010-88524604,PRIMARY
北京市,丰台区,北京市丰台区东高地第三小学,100076.0,北京市丰台区东高地梅源小区内,010-68759889,PRIMARY
北京市,丰台区,北京市丰台区右安门第一小学,100054.0,北京市丰台区右安门外东二条51号,010-63538827,PRIMARY
北京市,丰台区,北京市丰台区东高地第二小学,100076.0,北京市丰台区东高地万源东里75栋,010-68753771,PRIMARY
北京市,丰台区,北京市丰台区东铁匠营第一小学,100075.0,北京市丰台区蒲黄榆路胡村一号,010-67624096,PRIMARY
北京市,丰台区,北京市丰台区长辛店第二小学,100072.0,北京市丰台区长辛店大街262号,010-83876245,PRIMARY
北京市,丰台区,北京市丰台区师范学校附属小学,100071.0,北京市丰台区文体路30号,010-63845663,PRIMARY
北京市,丰台区,北京市丰台区长辛店第七小学,100072.0,北京市丰台区长辛店陈庄大街4号,010-83877075,PRIMARY
北京市,丰台区,北京市丰台区西罗园第六小学,100068.0,北京市丰台区西罗园南里9号楼,010-67232530,PRIMARY
北京市,丰台区,北京长辛店铁路小学,100072.0,北京市丰台区长辛店崔村一里8号,010-83306552,PRIMARY
北京市,丰台区,北京市丰台区长辛店第一小学,100072.0,北京市丰台区长辛店大街145号,010-83876144,PRIMARY
北京市,丰台区,北京市丰台区人民村小学,100070.0,北京市丰台区人民村58号,010-83600516,PRIMARY
北京市,丰台区,北京市丰台区大红门第一小学,100075.0,北京市丰台区大红门西前街24号,010-67267294,PRIMARY
北京市,丰台区,北京市丰台区角门小学,100068.0,北京市丰台区角门东里甲30号,010-67584730,PRIMARY
北京市,丰台区,北京市丰台区云岗第一小学,100074.0,北京市丰台区云岗北区西里7号,010-88532492,PRIMARY
北京市,丰台区,北京市丰台区丰台第五小学,100071.0,北京市丰台区西四环南路78号,010-63823080,PRIMARY
北京市,丰台区,北京市丰台区长辛店中心小学,100072.0,北京市丰台区槐树岭5号,010-83800556,PRIMARY
北京市,丰台区,北京市丰台区丰台第二小学,100070.0,北京市丰台区丰台南路107号,010-63720323,PRIMARY
北京市,丰台区,北京市丰台区新发地小学,100160.0,北京市丰台区新发地天伦锦城12号楼,010-83721271,PRIMARY
北京市,丰台区,北京市丰台区黄土岗小学,100070.0,北京市丰台区黄土岗村后黄土岗3号,010-63726855,PRIMARY
北京市,丰台区,北京市丰台区东铁匠营第二小学,100079.0,北京市丰台区永外北铁营259号,010-67610205,PRIMARY
北京市,丰台区,北京市丰台区万泉寺小学,100073.0,北京市丰台区万泉寺270号,010-63336670,PRIMARY
北京市,丰台区,北京市丰台区成寿寺小学,100078.0,北京市丰台区成寿寺村76号,010-67607225,PRIMARY
北京市,丰台区,北京市丰台区芳星园小学,100078.0,北京市丰台区方庄芳星园2区9号,010-67629257,PRIMARY
北京市,丰台区,北京市丰台区丰台第一小学,100071.0,北京市丰台区东安街头条2号,010-63890152,PRIMARY
北京市,丰台区,北京市丰台区马家堡小学,100068.0,北京市丰台区马家堡西里52号,010-67528743,PRIMARY
北京市,丰台区,北京市丰台区芳城园小学,100078.0,北京市丰台区方庄芳城园二区1号,010-67648616,PRIMARY
北京市,丰台区,北京市丰台区槐房小学,100076.0,北京市丰台区南苑槐房村335号,010-67911653,PRIMARY
北京市,丰台区,北京市丰台区分钟寺小学校,100164.0,北京市丰台区分钟寺450号,010-87690600,PRIMARY
北京市,丰台区,北京市丰台区小屯小学,100071.0,北京市丰台区小屯路150号,010-68653096,PRIMARY
北京市,丰台区,北京市丰台区樊家村小学,100070.0,北京市丰台区南大元290号,010-63736204,PRIMARY
北京市,丰台区,北京第二实验小学怡海分校,100070.0,北京市丰台区南四环西路129号,010-63743221,PRIMARY
北京市,丰台区,北京市丰台区南宫中心小学,100074.0,北京市丰台区云岗新村78号,010-83315796,PRIMARY
北京市,丰台区,北京市丰台区首科花园小学校,100073.0,北京市丰台区太平桥550号,010-63379841,PRIMARY
北京市,丰台区,北京市丰台区石榴庄小学,100079.0,北京市丰台区石榴庄南里2号,010-67658142,PRIMARY
北京市,丰台区,北京市丰台区六圈小学,100070.0,北京市丰台区富锦嘉园小区内,010-83623899,PRIMARY
北京市,丰台区,北京市丰台区卢沟桥第一小学,100165.0,北京市丰台区卢沟桥城内街155号,010-83891403,PRIMARY
北京市,丰台区,北京市丰台区丰体时代小学,100166.0,北京市丰台区丰体南路一号院10号楼,010-63859090,PRIMARY
北京市,丰台区,北京第一实验小学彩虹分校,100075.0,北京市丰台区光彩路67号院,010-87809788,PRIMARY
北京市,丰台区,北京市丰台区小井小学,100161.0,北京市丰台区小井村338号,010-63848508,PRIMARY
北京市,丰台区,北京市丰台区西罗园小学,100068.0,北京市丰台区海户西里12号,010-67213657,PRIMARY
北京市,丰台区,北京市丰台区玉林小学,100069.0,北京市丰台区玉林里18号,010-63291380,PRIMARY
北京市,丰台区,北京市丰台区南苑镇第一小学,100076.0,北京市丰台区南苑公所胡同22号,010-67991392,PRIMARY
北京市,丰台区,北京市丰台区大红门第二小学,100075.0,北京市丰台区大红门东后街157号,010-67221506,PRIMARY
北京市,丰台区,北京市丰台区西马场第一小学,100068.0,北京市丰台区西马场南里2区25号,010-87597043,PRIMARY
北京市,丰台区,北京市丰台区苏家坡小学,100075.0,北京市丰台区大红门路15号,010-67212473,PRIMARY
北京市,丰台区,北京市丰台区太平桥第二小学校,100073.0,北京市丰台区太平桥8号,010-63262101,PRIMARY
北京市,丰台区,北京二七车辆厂小学,100072.0,北京市丰台区张郭庄南路3号,010-83804642,PRIMARY
北京市,丰台区,北京市丰台区西罗园第四小学,100077.0,北京市丰台区洋桥西里31号,010-67217206,PRIMARY
北京市,丰台区,北京市丰台区五爱屯小学,100076.0,北京市丰台区南苑西宏苑小区6号楼,010-67991284,PRIMARY
北京市,丰台区,北京市丰台区东高地第一小学,100076.0,北京市丰台区东高地斜街1号,010-68769993,PRIMARY
北京市,丰台区,北京市丰台区丰台第八小学,100070.0,北京市丰台区韩庄子小区二里8号楼,010-63720715,PRIMARY
北京市,丰台区,北京市丰台区云岗第二小学校,100074.0,北京市丰台区云岗南区西里23号,010-88539441,PRIMARY
北京市,丰台区,北京市丰台区蒲黄榆第三小学,100075.0,北京市丰台区蒲安里15号楼,010-67613813,PRIMARY
北京市,丰台区,北京市丰台区高立庄小学,100070.0,北京市丰台区高立庄村246号,010-83700095,PRIMARY
北京市,丰台区,北京市丰台区蒲黄榆第一小学,100075.0,北京市丰台区蒲黄榆西里3号楼,010-67653658,PRIMARY
北京市,丰台区,北京市丰台区实验小学,100070.0,北京市丰台区桥南科学城恒富街1号,010-63743474,PRIMARY
北京市,丰台区,北京市丰台区看丹小学,100070.0,北京市丰台区建新路36号,010-63713286,PRIMARY
北京市,丰台区,北京铁路分局北京铁路职工子弟第十一小学,100070.0,北京市丰台区西四环南路93号,010-63736807,PRIMARY
北京市,丰台区,北京市丰台区西局小学,100073.0,北京市丰台区西局后街81号,010-63834783,PRIMARY
北京市,丰台区,北京市丰台区靛厂小学,100039.0,北京市丰台区靛厂村甲300号,010-63823941,PRIMARY
北京市,丰台区,北京市丰台区芳星园第二小学,100078.0,北京市丰台区芳星园三区21号楼,010-67644438,PRIMARY
北京市,丰台区,北京市丰台区岳各庄小学,100161.0,北京市丰台区岳各庄村470号,010-83666296,PRIMARY
北京市,丰台区,北京市丰台区卢沟桥第二小学校,100165.0,北京市丰台区卢沟桥南里32号,010-83893491,PRIMARY
北京市,丰台区,北京市丰台区阳春小学,100070.0,北京市丰台区羊坊村111号,010-83702037,PRIMARY
北京市,丰台区,北京市丰台区芳群园第一小学,100078.0,北京市丰台区方庄芳群园一区14号楼,010-67634832,PRIMARY
北京市,丰台区,北京市丰台区四合庄小学,100070.0,北京市丰台区花乡育仁里2号院,010-83621316,PRIMARY
北京市,丰台区,北京市丰台区纪家庙小学,100070.0,北京市丰台区于家胡同59号,010-63350158,PRIMARY
北京市,丰台区,北京市丰台区保台小学,100070.0,北京市丰台区保台村140号,010-83614603,PRIMARY
北京市,丰台区,北京市丰台区新宫小学,100076.0,北京市丰台区新宫村370号,010-67913638,PRIMARY
北京市,丰台区,北京市丰台区白盆窑小学,100070.0,北京市丰台区花乡白盆窑村南,010-83791278,PRIMARY
北京市,丰台区,北京市丰台区草桥小学,100067.0,北京市丰台区草桥欣园四区,010-67529075,PRIMARY
北京市,丰台区,北京市丰台区丰台第六小学,100071.0,北京市丰台区丰台镇七里庄138号,010-63823479,PRIMARY
北京市,丰台区,北京市丰台区西铁匠营小学,100069.0,北京市丰台区右安门外西铁营村110号,010-83407194,PRIMARY
北京市,丰台区,北京教育学院丰台分院附属学校,100070.0,北京市丰台区三环新城丰桥路6号院,010-83207368,PRIMARY
北京市,丰台区,北京市丰台区万柳园小学,100070.0,北京市丰台区万柳园小区10号楼,010-63300078,PRIMARY
北京市,丰台区,北京市丰台区丰台第七小学校,100071.0,北京市丰台区东大街东里,010-63821456,PRIMARY
北京市,丰台区,北京市洋桥学校,100077.0,北京市丰台区洋桥北里6号,010-67218657,PRIMARY
北京市,丰台区,北京市丰台区康华小学,100075.0,北京市丰台区大红门路60号,010-67254217,PRIMARY
北京市,丰台区,北京市丰台区南苑第四小学,100076.0,北京市丰台区南苑机场警备东路6号一区,010-67964608,PRIMARY
北京市,丰台区,北京市丰台区郑常庄第一小学,100141.0,北京市丰台区长安新城1区11号楼,010-68697083,PRIMARY
北京市,丰台区,北京朝阳芳草地国际学校丽泽分校,100073.0,北京市丰台区金泰城丽湾小区1号院4号楼,13910025173,PRIMARY
北京市,丰台区,北京市西罗园学校,100077.0,北京市丰台区西罗园二区21号楼,010-67223841,PRIMARY
北京市,门头沟区,北京市三家店铁路中学附属小学,102300.0,北京市门头沟三家店新建路30号,010-61819104,PRIMARY
北京市,门头沟区,北京市门头沟区付家台中心小学,102305.0,北京市门头沟区雁翅镇付家台村,010-61839141,PRIMARY
北京市,门头沟区,北京市门头沟区坡头小学,102300.0,北京市门头沟区中门寺街23号,010-61891463,PRIMARY
北京市,门头沟区,北京市门头沟区工人子弟小学,102300.0,北京市门头沟区七棵树西大街91号,010-69842202,PRIMARY
北京市,门头沟区,北京市门头沟区大峪第二小学,102300.0,北京市门头沟区新桥路18号,010-69820716,PRIMARY
北京市,门头沟区,北京市门头沟区育园小学,102300.0,北京市门头沟区新桥南大街21号,010-69843507,PRIMARY
北京市,门头沟区,北京市门头沟区大峪第一小学,102300.0,北京市门头沟区新桥大街81号,010-69842047,PRIMARY
北京市,门头沟区,北京市门头沟区妙峰山民族学校,102300.0,北京市门头沟区妙峰山镇陇驾庄村,010-61880043,PRIMARY
北京市,门头沟区,北京市门头沟区王平村中心小学,102301.0,北京市门头沟区王平镇河北楼,010-61859474,PRIMARY
北京市,门头沟区,北京市门头沟区清水中心小学,102311.0,北京市门头沟区清水镇上清水村,010-60855302,PRIMARY
北京市,门头沟区,北京市门头沟区东辛房小学,102300.0,北京市门头沟区东辛房大街19号,010-69842007,PRIMARY
北京市,门头沟区,北京市门头沟区军庄中心小学,102300.0,北京市门头沟区军庄镇军庄村,010-60811930,PRIMARY
北京市,门头沟区,北京市门头沟区军响中心小学,102309.0,北京市门头沟区斋堂镇军响村,010-61817014,PRIMARY
北京市,门头沟区,北京市门头沟区黑山小学,102300.0,北京市门头沟区黑山北小街3号,010-69842367,PRIMARY
北京市,门头沟区,北京市门头沟区龙门小学,102300.0,北京市门头沟区西龙门13号,010-69842197,PRIMARY
北京市,门头沟区,北京市门头沟区圈门小学,102300.0,北京市门头沟区北涧沟186号,010-61825956,PRIMARY
北京市,门头沟区,北京市门头沟区龙泉雾小学,102300.0,北京市门头沟区龙泉雾曹家台6号,010-61899950,PRIMARY
北京市,门头沟区,北京市门头沟区三家店小学,102300.0,北京市门头沟区三家店中街8号,010-61811804,PRIMARY
北京市,门头沟区,北京市门头沟区西辛房小学,102300.0,北京市门头沟区西辛房后街22号,010-61893637,PRIMARY
北京市,门头沟区,北京市门头沟区斋堂中心小学,102309.0,北京市门头沟区斋堂镇西斋堂村,010-69819407,PRIMARY
北京市,门头沟区,北京市门头沟区城子小学,102300.0,北京市门头沟区城子大街19号,010-69842157,PRIMARY
北京市,门头沟区,北京市门头沟区河南街小学,102300.0,北京市门头沟区门头沟路92号,010-69842293,PRIMARY
北京市,门头沟区,北京市门头沟区琉璃渠小学,102300.0,北京市门头沟区琉璃渠后街155号,010-69842384,PRIMARY
北京市,门头沟区,北京第二实验小学永定分校,102308.0,北京市门头沟区永定镇冯村,010-69802847,PRIMARY
北京市,门头沟区,北京市门头沟区大台中心小学,102303.0,北京市门头沟区大台路7号,010-61870328,PRIMARY
北京市,门头沟区,北京市门头沟区雁翅小学,102305.0,北京市门头沟区雁翅镇雁翅村,010-61830768,PRIMARY
北京市,门头沟区,北京市门头沟区体育运动学校,102300.0,北京市门头沟区石龙北路30号,010-69804720,PRIMARY
北京市,门头沟区,北京市门头沟区石门营小学,102308.0,北京市门头沟区永定镇石门营村,010-69801594,PRIMARY
北京市,门头沟区,北京市门头沟区栗元庄小学,102308.0,北京市门头沟区永定镇栗元庄村,010-69801784,PRIMARY
北京市,门头沟区,北京市门头沟区上岸小学,102308.0,北京市门头沟区永定镇上岸村,010-69809354,PRIMARY
北京市,门头沟区,北京市门头沟区稻地小学,102308.0,北京市门头沟区永定镇四道桥村,010-69801874,PRIMARY
北京市,门头沟区,北京市门头沟区灰地小学,102304.0,北京市门头沟区大台路14号,010-61871641,PRIMARY
北京市,门头沟区,北京市门头沟区西杨坨小学,102300.0,北京市门头沟区军庄镇西杨坨村,010-60811930,PRIMARY
北京市,门头沟区,北京市门头沟区北寺小学,102308.0,北京市门头沟区潭柘寺镇北村,010-60861700,PRIMARY
北京市,门头沟区,北京市门头沟区鲁家滩小学,102308.0,北京市门头沟区潭柘寺镇鲁家滩村,010-60863217,PRIMARY
北京市,门头沟区,北京市门头沟区南辛房小学,102308.0,北京市门头沟区潭柘寺镇南辛房村,010-60862357,PRIMARY
北京市,门头沟区,北京市门头沟区唐家坟小学,102304.0,北京市门头沟区大台路16号,010-61872841,PRIMARY
北京市,门头沟区,北京市门头沟区千军台小学,102304.0,北京市门头沟区大台路19号,010-61873224,PRIMARY
北京市,海淀区,北京市海淀区魏公村小学,100081.0,北京市海淀区魏公村小区23号楼,010-88571463,PRIMARY
北京市,海淀区,北京市海淀区前沙涧小学,100194.0,北京市海淀区苏家坨镇前沙涧村南,010-62406913,PRIMARY
北京市,海淀区,北京市海淀区北安河中心小学,100095.0,北京市海淀区苏家坨镇北安河村环谷园路2号,010-62488302,PRIMARY
北京市,海淀区,北京大学附属小学,100871.0,北京市海淀区北京大学燕东园,010-62756089,PRIMARY
北京市,海淀区,北京市海淀区中关村第二小学,100190.0,北京市海淀区中关村北一条10号,010-82621897,PRIMARY
北京市,海淀区,北京市海淀区上地实验小学,100085.0,北京市海淀区上地东里五区内,010-82781993,PRIMARY
北京市,海淀区,北京市海淀区东马坊小学,100094.0,北京市海淀区上庄镇东马坊村20号,010-62471422,PRIMARY
北京市,海淀区,北京市海淀区前章村小学,100194.0,北京市海淀区上庄镇前章村东口,010-62471264,PRIMARY
北京市,海淀区,北京市海淀区上庄中心小学,100094.0,北京市海淀区上庄镇上庄村1号,010-62471435,PRIMARY
北京市,海淀区,北京市海淀区前进小学,100088.0,北京市海淀区健安西路32号后门,010-82028263,PRIMARY
北京市,海淀区,北京医科大学附属小学,100191.0,北京市海淀区花园路甲3号,010-62005621,PRIMARY
北京市,海淀区,中国农业科学院附属小学,100081.0,北京市海淀区中关村南大街12号,010-62118240,PRIMARY
北京市,海淀区,北京农业大学附属小学,100193.0,北京市海淀区圆明园西路3号院,010-62899050,PRIMARY
北京市,海淀区,北京市海淀区东北旺中心小学,100193.0,北京市海淀区竹园西街八号,010-62818743,PRIMARY
北京市,海淀区,北京市海淀区丰联小学,100094.0,北京市海淀区西北旺镇辛店村,010-62473648,PRIMARY
北京市,海淀区,北京市海淀区尚丽外国语学校,100093.0,北京市海淀区香山南路四统碑,010-62591241,PRIMARY
北京市,海淀区,北京市海淀区东埠头小学,100095.0,北京市海淀区温泉镇东埠头村,010-62483962,PRIMARY
北京市,海淀区,北京市育鸿学校,100843.0,北京市海淀区复兴路14号,010-66984493,PRIMARY
北京市,海淀区,北京市海淀区星星学校,100193.0,北京市海淀区马连洼菊园小区11号楼,010-60258764,PRIMARY
北京市,海淀区,北京市二十一世纪实验学校,100142.0,北京市海淀区恩济庄46号,010-88124903,PRIMARY
北京市,海淀区,北京市海淀区八里庄小学,100142.0,北京市海淀区八里庄街7号,010-68414031,PRIMARY
北京市,海淀区,北京市海淀区二里沟中心小学,100044.0,北京市海淀区二里沟中街4号,010-68356551,PRIMARY
北京市,海淀区,北京市海淀区亮甲店小学,100142.0,北京市海淀区八里庄街道亮甲店1号,010-88132613,PRIMARY
北京市,海淀区,北京市海淀区六一小学,100142.0,北京市海淀区恩济里小区24号楼,010-88123807,PRIMARY
北京市,海淀区,北京市海淀区万寿寺小学,100081.0,北京市海淀区万寿寺北里16号,010-88517669,PRIMARY
北京市,海淀区,北京市海淀区中关村第四小学,100098.0,北京市海淀区北三环西路太阳园小区14号,010-82130515,PRIMARY
北京市,海淀区,北京市海淀区万泉小学,100089.0,北京市海淀区万泉庄甲一号,010-62545538,PRIMARY
北京市,海淀区,北京市海淀区双榆树中心小学,100086.0,北京市海淀区双榆树西里36号,010-62634457,PRIMARY
北京市,海淀区,北京市海淀区中关村第三小学,100190.0,北京市海淀区中关村南一街4号,010-62563118,PRIMARY
北京市,海淀区,首都师范大学附属育新学校,100096.0,北京市海淀区西三旗育新花园34号,010-82951953,PRIMARY
北京市,海淀区,北京市海淀区中坞小学,100195.0,北京市海淀区四季青中坞村174号,010-88855705,PRIMARY
北京市,海淀区,北京市立新学校小学,100037.0,北京市海淀区甘家口甲185号,010-68351530,PRIMARY
北京市,海淀区,北京市海淀区周家巷小学,100095.0,北京市海淀区军庄路1号,010-62455244,PRIMARY
北京市,海淀区,北京市海淀区苏家坨中心小学,100194.0,北京市海淀区苏家坨镇西小营村南,010-62409511,PRIMARY
北京市,海淀区,北京市海淀区台头小学,100194.0,北京市海淀区苏家坨镇聂各庄路13号,010-62459612,PRIMARY
北京市,海淀区,北京市育英学校,100036.0,北京市海淀区万寿路西街11号,010-68273904,PRIMARY
北京市,海淀区,北京市建华实验学校,100039.0,北京市海淀区玉泉路66号,010-88279250,PRIMARY
北京市,海淀区,北京市海淀外国语实验学校,100195.0,北京市海淀区杏石口路20号,010-88472800,PRIMARY
北京市,海淀区,北京市海淀区西苑小学,100091.0,北京市海淀区西苑操场甲一号,010-62880380,PRIMARY
北京市,海淀区,北京市海淀区红山小学,100091.0,北京市海淀区红山口甲3号,010-82831564,PRIMARY
北京市,海淀区,北京市海淀区培星小学,100091.0,北京市海淀区厢红旗董四墓36号,010-62881646,PRIMARY
北京市,海淀区,清华大学附属小学,100084.0,北京市海淀区清华大学院内,010-62784656,PRIMARY
北京市,海淀区,北方交通大学附属小学,100044.0,北京市海淀区上园村3号院,010-62226997,PRIMARY
北京市,海淀区,北京航空航天大学附属小学,100191.0,北京市海淀区学院路37号,010-82317160,PRIMARY
北京市,海淀区,北京市海淀区星火小学,100082.0,北京市海淀区新外大街小西天志强园,010-62264804,PRIMARY
北京市,海淀区,北京市海淀区艺术师范附属小学,100088.0,北京市海淀区明光村23号,010-62225062,PRIMARY
北京市,海淀区,北京师范大学实验小学,100875.0,北京市海淀区新街口外大街19号,010-58802073,PRIMARY
北京市,海淀区,北京市海淀区向东小学,100081.0,北京市海淀区西外太平庄13号,010-62184719,PRIMARY
北京市,海淀区,北京市海淀区民族小学,100088.0,北京市海淀区德外后黑寺1号,010-62388656,PRIMARY
北京市,海淀区,北京市海淀区宏丰小学,100094.0,北京市海淀区西北旺镇亮甲店村,010-62456623,PRIMARY
北京市,海淀区,北京市海淀区西二旗小学,100085.0,北京市海淀区西二旗智学苑小区,010-62923038,PRIMARY
北京市,海淀区,北京市海淀区西玉河小学,100094.0,北京市海淀区西北旺镇西玉河村,010-62473004,PRIMARY
北京市,海淀区,北京市海淀区永丰中心小学,100094.0,北京市海淀区西北旺镇六里屯村北,010-62472773,PRIMARY
北京市,海淀区,北京市海淀区香山小学,100093.0,北京市海淀区香山北正黄旗36号,010-82592661,PRIMARY
北京市,海淀区,北京市海淀区田村中心小学,100049.0,北京市海淀区田村后街47号,010-68280015,PRIMARY
北京市,海淀区,北京市海淀区温泉中心小学,100095.0,北京市海淀区温泉镇环山村,010-62456331,PRIMARY
北京市,海淀区,北京市海淀区羊坊店第五小学,100038.0,北京市海淀区北蜂窝路9号,010-63984248,PRIMARY
北京市,海淀区,北京市海淀区翠微小学,100036.0,北京市海淀区翠微路22号,010-68226638,PRIMARY
北京市,海淀区,北京市海淀区羊坊店第四小学,100038.0,北京市海淀区羊坊店路114号,010-63964084,PRIMARY
北京市,海淀区,北京理工大学附属小学,100081.0,北京市海淀区中关村南大街5号,010-68913361,PRIMARY
北京市,海淀区,北京市海淀区车道沟小学,100089.0,北京市海淀区车道沟村一号,010-88424224,PRIMARY
北京市,海淀区,北京市海淀区定慧里小学,100142.0,北京市海淀区定慧西里18号,010-88126818,PRIMARY
北京市,海淀区,北京市海淀区花园村第二小学,100048.0,北京市海淀区花园村四号,010-68458149,PRIMARY
北京市,海淀区,北京市海淀区实验小学,100048.0,北京市海淀区西三环北路107号,010-68412671,PRIMARY
北京市,海淀区,北京市海淀区西颐小学,100086.0,北京市海淀区北三环西路49号,010-62545332,PRIMARY
北京市,海淀区,北京市海淀区知春里小学,100086.0,北京市海淀区知春里小区甲22号,010-62572340,PRIMARY
北京市,海淀区,北京市海淀区双榆树第一小学,100086.0,北京市海淀区双榆树东里32号,010-82112133,PRIMARY
北京市,海淀区,北京市海淀区图强第二小学,100039.0,北京市海淀区五棵松正大南路4号,010-68760161,PRIMARY
北京市,海淀区,北京市海淀区太平路小学,100039.0,北京市海淀区采石路9号,010-88625318,PRIMARY
北京市,海淀区,北京市海淀区群英小学,100036.0,北京市海淀区翠微路40号,010-66708127,PRIMARY
北京市,海淀区,北京市海淀区培英小学,100039.0,北京市海淀区太平路19号,010-68158913,PRIMARY
北京市,海淀区,北京市海淀区育鹰小学,100085.0,北京市海淀区西三旗空军装备研究院东门,010-82900272,PRIMARY
北京市,海淀区,北京林业大学附属小学,100083.0,北京市海淀区清华东路35号,010-62338960,PRIMARY
北京市,海淀区,北京市海淀区清华东路小学,100083.0,北京市海淀区清华东路4号,010-62311604,PRIMARY
北京市,海淀区,北京石油学院附属小学,100083.0,北京市海淀区学院路20号,010-62321824,PRIMARY
北京市,海淀区,北京市海淀区第三实验小学,100083.0,北京市海淀区王庄路42号,010-62323580,PRIMARY
北京市,海淀区,北京市海淀区枫丹实验小学,100096.0,北京市海淀区西三旗建材城中里1号,010-82935198,PRIMARY
北京市,海淀区,北京市海淀区永泰小学,100192.0,北京市海淀区清河永泰小区东里49号,010-62909611,PRIMARY
北京市,海淀区,北京市海淀区清河第一小学,100085.0,北京市海淀区清河毛纺厂东门南侧,010-62934874,PRIMARY
北京市,海淀区,北京市海淀区巨山小学,100093.0,北京市海淀区北辛庄241号,010-62590469,PRIMARY
北京市,海淀区,北京市海淀区红星小学,100194.0,北京市海淀区北安河路36号,010-62455948,PRIMARY
北京市,海淀区,北京市海淀区苏家坨三四村小学,100194.0,北京市海淀区苏家坨镇苏三四村南区146号,010-62482536,PRIMARY
北京市,海淀区,北京市海淀区清河第五小学,100084.0,北京市海淀区北京体育大学家属院,010-62965197,PRIMARY
北京市,海淀区,北京市海淀区肖家河小学,100091.0,北京市海淀区肖家河王庄1号,010-62817755,PRIMARY
北京市,海淀区,北京市海淀区六郎庄小学,100080.0,北京市海淀区六郎庄慈佑街1号,010-62640816,PRIMARY
北京市,海淀区,北京市海淀区万泉河小学,100080.0,北京市海淀区芙蓉里小区10号楼东侧,010-62551876,PRIMARY
北京市,海淀区,北京市海淀区白水洼小学,100206.0,北京市海淀区上庄镇白水洼村南,010-62471464,PRIMARY
北京市,海淀区,北京市海淀区今典小学,100082.0,北京市海淀区红联北村83号,010-62273563,PRIMARY
北京市,海淀区,北京市海淀区九一小学,100191.0,北京市海淀区花园路一号,010-62017376,PRIMARY
北京市,海淀区,北京市海淀区学院路小学,100088.0,北京市海淀区蓟门里小区,010-62356667,PRIMARY
北京市,海淀区,北京市海淀区冷泉小学,100095.0,北京市海淀区西北旺镇冷泉村100号,010-62456605,PRIMARY
北京市,海淀区,北京市海淀区红英小学,100094.0,北京市海淀区韩家川南口,010-62457918,PRIMARY
北京市,海淀区,北京市海淀区唐家岭小学,100094.0,北京市海淀区唐家岭村,010-62973211,PRIMARY
北京市,海淀区,首都师范大学附属小学,100195.0,北京市海淀区通汇路9号,010-88435823,PRIMARY
北京市,海淀区,北京市海淀区西山小学,100195.0,北京市海淀区四季青镇黑塔村142号,010-62590462,PRIMARY
北京市,海淀区,北京市海淀区陶行知小学,100195.0,北京市海淀区四季青西冉村99号,010-88851031,PRIMARY
北京市,海淀区,北京市海淀区白家疃小学,100095.0,北京市海淀区温泉镇白家疃村,010-62400360,PRIMARY
北京市,海淀区,北京市海淀区七一小学,100036.0,北京市海淀区莲花池西路1号,010-63935811,PRIMARY
北京市,海淀区,北京市海淀区羊坊店中心小学,100038.0,北京市海淀区北蜂窝路66号,010-63950326,PRIMARY
北京市,海淀区,北京市海淀区北洼路小学,100089.0,北京市海淀区车道沟南里36号,010-68410103,PRIMARY
北京市,海淀区,北京市海淀区银燕小学,100097.0,北京市海淀区蓝靛厂火器营厢红旗48号,010-88439338,PRIMARY
北京市,海淀区,北京市海淀区彩和坊小学,100080.0,北京市海淀区彩和坊路19号,010-62566153,PRIMARY
北京市,海淀区,北京市海淀区中关村第一小学,100190.0,北京市海淀区中关村南二街5号,010-62564837,PRIMARY
北京市,海淀区,中国人民大学附属小学,100097.0,北京市海淀区蓝靛厂路18号,010-88863978,PRIMARY
北京市,海淀区,北京市海淀区五一小学,100039.0,北京市海淀区永定路127号,010-88223366,PRIMARY
北京市,海淀区,北京市海淀区玉泉小学,100143.0,北京市海淀区金沟河路35号,010-68186343,PRIMARY
北京市,海淀区,北京市海淀区学府苑小学,100083.0,北京市海淀区学清路32号,010-82375008,PRIMARY
北京市,海淀区,北京市中关村外国语学校,100096.0,北京市海淀区建材城西路12号,010-82930297,PRIMARY
北京市,海淀区,北京科技大学附属小学,100083.0,北京市海淀区学院路30号,010-62332661,PRIMARY
北京市,海淀区,北京市海淀区前八家小学,100085.0,北京市海淀区前八家村七号,010-62937745,PRIMARY
北京市,海淀区,北京市海淀区大牛坊小学,100094.0,北京市海淀区西北旺镇大牛坊村100号,010-62476210,PRIMARY
北京市,海淀区,北京市北外附属外国语学校,100085.0,北京市海淀区西二旗大街19号,010-80747044,PRIMARY
北京市,海淀区,北京市海淀区第四实验小学,100093.0,北京市海淀区香山南路南河滩,010-59811695,PRIMARY
北京市,海淀区,北京市海淀区四王府小学,100093.0,北京市海淀区香山正白旗甲9号,010-62591333,PRIMARY
北京市,海淀区,北京市海淀区第二实验小学,100085.0,北京市海淀区清河镇西,010-62910121,PRIMARY
北京市,海淀区,北京市海淀区清河第四小学,100096.0,北京市海淀区西三旗新都东,010-82951502,PRIMARY
